#Publisher ID,Publisher name,Bids,Bid requests,Reached queries,Successful responses,Impressions
AdMob + AdSense,AdMob + AdSense,160071295,18748576870,15865113,18691442450,4196448
pub-0054876817521062,Zynga DFP,1,1363950,0,1351880,0
pub-0090939336926172,A360 Media,0,50,0,50,0
pub-0150136191207444,CHESS.COM LLC,23503,3203150,0,3194470,0
pub-0177898417266954,IDM Merged Account,102,40140,28,39800,9
pub-0206338760093719,Agora SA - PREMIUM,10,910,4,900,0
pub-0227480467683561,Bell Media Inc,3,646260,0,641580,0
pub-0348987035780315,Terra Networks - DFP,3,39470,2,39240,1
pub-0414436487628782,Unidad Editorial,6822,1042820,1187,1037070,390
pub-0428516164225172,detikcom,39,870000,0,865590,0
pub-0432850603574320,pagesjaunes.fr,0,50,0,50,0
pub-0457963806860763,Kijiji Canada,224,7888250,42,7859030,1
pub-0500318860241778,Japan Weather Association,15,1141760,0,1140290,0
pub-0505611171654966,PlentyOfFish,0,40,0,40,0
pub-0632497389910047,BLUE,47,82040,1,81750,0
pub-0748428139534447,Gazeta do Povo,28,25060,11,24780,7
pub-0786049762914849,Fusionmedia - TOM - DFP EMEA,165,473280,0,470450,0
pub-0868719255119470,Sarmady - EMEA DFP,127,73590,22,73410,2
pub-0883126725773026,Gray Television,50987,24541730,51,24438180,15
pub-0933571704299623,"IID, Inc.",1,28930,1,28920,0
pub-0942427266003794,Rogers Digital Media,3,740640,0,738200,0
pub-0961408509915763,Radio Canada - DFP/DSM,289,829880,183,822820,75
pub-0978064532142215,People Inc.,51,37890,0,37650,0
pub-1005122480416928,郑州阿特拉斯信息技术有限公司,0,14300,0,14250,0
pub-1005272636684943,Prisma Media - Premium,28,6700,1,6660,0
pub-1016699128143700,"YODO1, LTD",0,1340,0,1330,0
pub-1016985103200752,"Flicks - New Zealand, Australia",0,140,0,140,0
pub-1018291046422176,AdinTop.com - AdX EMEA,0,10,0,10,0
pub-1024389273697568,Mackolik İnternet Hizmetleri A.Ş.,1775,984270,5,981890,0
pub-1043711425534219,RTP,0,1000,0,960,0
pub-1056426133181683,Windfinder.com,2275,1119150,18,1112180,2
pub-1058729209357024,Trustify,0,50,0,50,0
pub-1062972861553303,AdApex,0,3790,0,3790,0
pub-1067374679252537,GreedyGame Media Pvt. Ltd.,3023,1250000,642,1241200,296
pub-1068541589048000,Zephyr Mobile,128,10845050,3,10738780,2
pub-1071770578706610,"Lotte Members Co., Ltd.",346,483380,141,482680,139
pub-1075310851762143,TuneIn,45466,19415170,0,19216200,0
pub-1076558730735936,macaroni,0,20,0,20,0
pub-1077917634234396,Kohl's,0,827750,0,824240,0
pub-1090701192176232,Unico Studio,0,791950,0,786710,0
pub-1092746894085499,Teton Ridge,0,2710,0,2680,0
pub-1094736115471542,Raketech Europe,0,290,0,290,0
pub-1108628623474346,WBD Latam,25,78870,18,78560,5
pub-1111561740470733,Ultimate Guitar USA LLC,4886,1334750,131,1332140,13
pub-1115917230626273,Islam360,0,18110,0,17910,0
pub-1124325302290701,Games2win India Pvt. Ltd.,0,15520,0,15390,0
pub-1130888789615111,PoolExpert.com,0,57580,0,57420,0
pub-1136548080367447,Birgun Yayincilik Iletisim A.S,0,90,0,90,0
pub-1136810687773155,Patch Media Network,0,2420,0,2410,0
pub-1152293939612408,D4D Google Admanager,17,2960,11,2940,1
pub-1180525239362610,Aktis Apps,0,14680,0,14640,0
pub-1183991070496623,Pretty Simple,0,1402600,0,1397010,0
pub-1184432201279164,Viacom18 Desktop,0,10,0,10,0
pub-1192894657129148,PicPay,0,180910,0,175870,0
pub-1196612482735528,Federation Internationale de Football Association,0,60,0,60,0
pub-1200031782306351,Halfbrick Studio - DFP,0,123320,0,122820,0
pub-1204164564445992,Sodexo LATAM,0,700,0,700,0
pub-1207811215086061,a7_Eng,0,80,0,80,0
pub-1208584750059107,Citymapper Limited,163,361170,1,360030,1
pub-1223772588629970,Naver Z Corporation,0,2780,0,2720,0
pub-1232265399417302,A4G,13407,440049180,3097,437114030,844
pub-1233131081980445,WV News,0,47380,0,46870,0
pub-1233950536738187,the binary family GmbH - AdX In App EMEA,0,1490,0,1490,0
pub-1251073768985242,Pik d.o.o. OLX.ba,0,26500,0,26370,0
pub-1259453162303744,Maksimum Iletisim Hizmetleri A.S.,3,23480,0,23190,0
pub-1267388056978172,X3M LLC,298,170260,38,168500,3
pub-1281089489785673,btdstudio,0,17920,0,17890,0
pub-1281702868735780,Leap Health Fitness Limited,3,228630,0,223860,0
pub-1282188796495854,IndiaMART.com,10,36790,0,36690,0
pub-1283624027922691,DAZN Group,0,2090,0,2040,0
pub-1295647571732549,iLab Network,4,6980,0,6710,0
pub-1301581561755234,Hearst Communications Inc,3016,2555250,4,2538370,0
pub-1309833554398586,SPM Sportplatz Media,0,3040,0,2990,0
pub-1310852604335254,AnyMind Group TW,0,10,0,10,0
pub-1317491658532883,Exame,0,110,0,100,0
pub-1326661117722929,Cricket LineX,0,9270,0,9040,0
pub-1331834123751071,talent@adxguard-432407.iam.gserviceaccount.com,0,10,0,0,0
pub-1336637907932433,Univision - DFP,728,3101220,0,3081620,0
pub-1338167253896722,PCA Bear LLC,0,203430,0,201450,0
pub-1340860111041297,Banglalink,0,2340,0,2160,0
pub-1343841086147532,beIN MENA ,23,1620,0,1600,0
pub-1348554338384901,Jeune Afrique Media Group,0,960,0,960,0
pub-1348655258921531,Chinatimes.com,458,67520,24,67210,19
pub-1356621532162174,HappyPancake,0,150,0,150,0
pub-1366744938072325,AdSense,1,20,0,20,0
pub-1374887234821065,ZOZO - DFP,0,25120,0,25090,0
pub-1386487301554043,Compañía Peruana de Radiodifusión,0,23840,0,22360,0
pub-1390496458639057,Sociedad Nacional de Radio S.A. de,0,5950,0,5920,0
pub-1407620303504566,Jio Platforms Limited,0,330,0,330,0
pub-1409218547787175,Bigfourth_A2,0,110,0,110,0
pub-1409437888781518,California Times,1,35860,0,35640,0
pub-1410105452685585,Meredith Local Media Group,0,30,0,30,0
pub-1417321048135815,MVS Digital 2021,0,5290,0,5230,0
pub-1425331862979635,MOUABILL LIMITED,0,88150,0,87630,0
pub-1435994207721770,OfferUp,210,38654550,1,38598860,1
pub-1437498471210305,SRMG,0,210,0,190,0
pub-1439479630886608,Arkeero,0,10,0,10,0
pub-1450784844774826,Monster Studio,0,13230,0,12850,0
pub-1460248697695777,MediaActive,0,190,0,190,0
pub-1460316964194391,IBD - DFP,0,10,0,10,0
pub-1460403496177163,Shery Apps,409,33380,31,32930,6
pub-1467174215800884,Orange France Web - DFP EMEA,0,20,0,20,0
pub-1474238860523410,ADOP,5,52320,0,52250,0
pub-1481019754184955,Vnexpress.net,105,136100,6,135710,5
pub-1483540515826582,Greatestdivesites,0,3360,0,3340,0
pub-1495661970115612,Truecaller,1082803,943526630,382175,941563670,136800
pub-1499247088580171,TS,0,730,0,730,0
pub-1506351355699889,Louisiana Television Broadcasting LLC,0,9970,0,9920,0
pub-1509668765431513,DIXIT G LATHIYA,0,630,0,620,0
pub-1513287762611009,A Parent Media Co. Inc. (APMC),0,1150,0,1140,0
pub-1520960305814054,Atunwa Digital,0,7570,0,7530,0
pub-1524905278750173,Reshet-Noga LTD,0,200,0,200,0
pub-1533521060959988,Mumsnet Ltd,0,5530,0,5530,0
pub-1540728588170707,VIEON CORPORATION,0,2700,0,2690,0
pub-1552120640490916,Sundayworld,0,20,0,20,0
pub-1577573316116873,Primetrace Technologies Private Limited - Kutumb,65,420910,0,420040,0
pub-1582934948546467,Elegant E-Learning Inc,2,34360,0,34190,0
pub-1592270380414821,Beautiful Weather AdSense,7,2010,0,2000,0
pub-1595252783657498,PLURAL COMUNICACIONES SAS - DFP,1,14330,0,14130,0
pub-1599777167715704,Corus,7,158410,0,157870,0
pub-1600321859091564,Carbay - Girnar Software Pvt Ltd,0,20,0,20,0
pub-1616703240821031,Zadane pl sp z o o (DBA Brainly),1001,202570,313,202020,66
pub-1620535659909749,JSplash Network,1,190,0,190,0
pub-1629908949573062,Royal Nebula Media LLC,3,2440,0,2400,0
pub-1630325131343226,The Slate Group New,45,6960,0,6910,0
pub-1643013942647926,WSVN-TV,0,6350,0,6330,0
pub-1644806578912499,Nine Digital (Production),0,12930,0,12910,0
pub-1648977320996838,TVBAnywhere,0,2560,0,2560,0
pub-1651711250013302,Goodwill Industries of Orange County,0,80,0,70,0
pub-1656242458627673,RND,1,320,0,320,0
pub-1659455274351899,News-Press & Gazette Co. [OpsCo],27,53860,0,53530,0
pub-1661229542422591,Bigfourth Global Advertising ,0,6350,0,6320,0
pub-1682595508078257,Voise Tech Limited,39,382270,0,378090,0
pub-1686260373407598,Wooga,2,181840,0,181570,0
pub-1688645265745308,Opera GAM 360,13129,14153860,8775,14069690,3131
pub-1691945838129211,22982769773,0,10,0,10,0
pub-1714061154748628,TAPMIND_PG_MCM,313,12181660,41,12111290,14
pub-1714759688339958,NAJAMA KHATUN,0,2720,0,2690,0
pub-1724230173714267,VISUAL MH,1705003,110315330,554464,109690560,337207
pub-1728320506640454,MOSAICO NEG DE INTERNET S.A,0,110,0,100,0
pub-1738284215641521,ProPS,34,71600,4,71520,1
pub-1738584527057606,VEON Adtech Holdings B.V.,156,155890,0,151890,0
pub-1742559908417394,1Weather - GAM 360,7893,47050820,19,46938830,8
pub-1743333698764787,gree,0,130,0,130,0
pub-1744677856745274,Rollic Games (Zynga),939,31538090,149,31395410,48
pub-1747927356942391,Monetization Network,164,54420,1,54090,0
pub-1749038500422861,(unknown),0,5860,0,5860,0
pub-1750756186380596,Deccan Herald,22,10210,1,10170,0
pub-1757064723917999,Be Growth,0,10,0,10,0
pub-1761847365741148,WillyWeather,19,885070,0,881500,0
pub-1763122236845574,"SoundHound, Inc.",13896,1487220,431,1474680,338
pub-1768185802073473,radio.de,0,260,0,260,0
pub-1774351447051969,Newsday - DFP,112,152600,0,151900,0
pub-1774873377514298,INTAP SUPPORT SERVICES PRIVATE LIMI,1,260,0,260,0
pub-1776282838082166,"(Legacy) Dictionary.com, LLC.",0,11290,0,11260,0
pub-1787187386209927,ADSMOVIL S.A DE C.V - DFP,0,9370,0,9220,0
pub-1790073409819561,JSplash Studios,177,75130,15,74930,3
pub-1792792389858555,TCZ,56,5500,1,5500,1
pub-1800156253766545,JASMINKUMAR M PATEL,0,30,0,30,0
pub-1800426219825316,CarGurus ,2,873990,0,871100,0
pub-1821430187985601,REA Group - Production,3,52740,0,52650,0
pub-1822378409167735,Radio Tele FFH GmbH & Co BetriebsKG,0,20,0,20,0
pub-1832181196862794,happn,1,1450,1,1400,1
pub-1833273207146300,"Wurl, LLC",0,10,0,10,0
pub-1835489473992347,Ad Exchange [OpsCo],9,2010,6,2000,3
pub-1840774318539737,PEDRO HENRIQUE VIEIRA GUIMARAES,0,40,0,40,0
pub-1844615105507426,ForMusic,895,84380,272,83590,123
pub-1846352880545134,"Wealth Advisor Co., Ltd.",0,4720,0,4700,0
pub-1847030151454431,"M32 Media, Inc.",0,52660,0,52450,0
pub-1851340691967813,note株式会社,0,10,0,10,0
pub-1862194061110379,ON.CC LTD,14,259050,0,258070,0
pub-1872236547113677,OneFootball GmbH,4855,4123470,66,4101020,6
pub-1873568255985410,Ringier Slovakia Media s.r.o.,1,390,1,390,0
pub-1873637950900454,LG Uplus,0,310,0,310,0
pub-1907120421622579,The Hind Samachar Ltd,15431,1789100,5731,1785800,773
pub-1907298128921446,Grupo Radio Centro,7,17730,0,17610,0
pub-1909231293858425,InvestingChannel.com - DFP,0,50,0,50,0
pub-1911723569646366,EPARK Financial Partners,0,4050,0,3970,0
pub-1911822245128639,Tickled Media Pte Ltd,9,110640,0,110260,0
pub-1912561085588771,Wortise,4369,6884360,223,6852640,98
pub-1925133976584481,Drivstoffappen AS ,1,190,0,190,0
pub-1927239629028223,esh,14,49400,4,49080,0
pub-1929615694373103,Connatix,6,1031640,0,1017510,0
pub-1943232329580533,VDM,0,4600,0,4590,0
pub-1952824245952948,Welton Ventures Technologies Pte. Ltd.,0,2700,0,2660,0
pub-1956856209985681,#MinuteMedia DFP,0,220,0,220,0
pub-1958160775585562,Jovem Pan - Conta Principal,0,32540,0,31580,0
pub-1959036401953658,Televisa Interactive Media,0,210,0,210,0
pub-1983042674979462,LIHKG 討論區,0,73840,0,72260,0
pub-1988160220581859,"Shanghai Zhenglang Technology Co., Ltd.",0,2394670,0,2384140,0
pub-1991679624331369,CBS Interactive - DFP,21167,6386520,2,6367590,0
pub-1991710339204257,karnaval.com,14,4490,1,4420,1
pub-1993377309099339,Samsung Ads Brazil,0,840,0,840,0
pub-1998605520738870,Kompanija Novosti a.d.,0,35420,0,35320,0
pub-2002541360512935,Rovio Mobile Ltd,61,6190,0,6160,0
pub-2003589339381989,"Medley, Inc. - DFP",0,11800,0,11790,0
pub-2008082791511165,MUKESH KASHYAP,0,540,0,530,0
pub-2012933198307164,Guardian Production - DFP EMEA,621,139880,0,139250,0
pub-2013128091254913,eKool,0,160,0,150,0
pub-2018490999156309,PCCW Limited,0,77100,0,71730,0
pub-2023175934799751,NIFTY Corporation,0,2000,0,1890,0
pub-2034973766087466,NBA.com,0,188880,0,188120,0
pub-2041890115182744,爆料公社bc3ts,0,260,0,260,0
pub-2045273495563750,Radio Javan,0,10,0,10,0
pub-2047760430405293,Adgage,203,37280,0,37080,0
pub-2048723688233790,Trinity Mirror - DFP EMEA,50,21190,0,20720,0
pub-2052502816154519,Hotmob Network (HK),16,2450,1,2390,1
pub-2067800044730756,i-mobile,132,4602390,49,4582400,3
pub-2069344818547604,Betaseries,0,170,0,170,0
pub-2078132536225999,Scopely,134,16575740,0,16544580,0
pub-2085247160344713,Tunus Patimus,0,10,0,10,0
pub-2087499396895462,almaany,15,17910,3,17520,2
pub-2087955068896492,"Conocer Digital Holdings, Inc.",0,5030,0,5020,0
pub-2090286388338714,23213503551,0,1030,0,970,0
pub-2111803523429251,kathimerini S.A.,0,90,0,90,0
pub-2112923417000243,Indamedia,20,8200,0,8200,0
pub-2117216081751614,"New Leaf Publishing, Inc.",2,16000,0,15840,0
pub-2136602265072523,카카오모빌리티,0,342500,0,342300,0
pub-2142299567124418,背包客棧,10,190,3,180,3
pub-2143052081370227,Independent News Service Pvt. Ltd.,167,33090,0,32940,0
pub-2144847829561998,AM730.com.hk,116,12110,38,12070,30
pub-2147338897268151,Invent Mx,0,30,0,30,0
pub-2150341454085222,dubizzle.com,121,30370,50,30070,19
pub-2155579869219176,USSSA,0,60,0,60,0
pub-2158590232651633,Philstar Global - GAM,66,3730,19,3720,2
pub-2187017096865899,Startx,0,1360,0,1340,0
pub-2192002536170159,Network 18 Media & Investments Limited,655,1410430,6,1407770,1
pub-2205121062140812,Digital_Sail,919,6953090,79,6897270,29
pub-2208509238799773,Adevinta Hungary Kft. - AdX EMEA,9,2110,0,2110,0
pub-2209385020296136,AdZep,0,1090,0,1040,0
pub-2214629099420841,T24.com.tr,9,1140,0,1120,0
pub-2224462346614446,Atlanta Journal-Constitution [OpsCo],454,84020,0,83600,0
pub-2230723027927371,TimesInternetLimitedIndia,40,59280,17,58720,2
pub-2231446968599521,Beintoo S.p.A.,0,50,0,50,0
pub-2233829666677759,MorningSun,0,30,0,30,0
pub-2244245220984466,Jafor Ahmmed,0,40,0,40,0
pub-2250662332449279,Nexstar Media Group Inc - DFP,6795,1371940,6,1361680,3
pub-2255545435135224,TVB.com - DFP - APAC,31,162970,5,161250,3
pub-2260809258955388,GoDaddy Studio,0,10,0,10,0
pub-2269071558642837,ET Net Ltd,554,138350,101,137290,32
pub-2279474408466448,CRI,972,112560,25,112180,15
pub-2280564327200194,Antena3,0,10,0,10,0
pub-2290134048760389,TIM BR,1778,216250,104,214090,90
pub-2290623598916363,BoomPlay,1,63990,0,63100,0
pub-2290755540215120,Affinity mCanvas,4560,1303890,3368,1292950,1252
pub-2292681648064626,24sedam,4,680,0,680,0
pub-2301793045090420,Z5X Global FZ-LLC,0,40650,0,40220,0
pub-2305304999188653,Yahoo Inc,0,40609300,0,40397540,0
pub-2308052551195916,podU,0,10,0,10,0
pub-2310632243274575,Evening Post,71,8110,0,8090,0
pub-2316752868898730,Ahmed F. H. Bashbash,0,3180,0,3150,0
pub-2318854337682975,Freestar: UK,1,130,0,130,0
pub-2322157869609449,Publisher Desk LLC,641,244700,318,244180,82
pub-2325473850364670,Boldwin MCM,14,77820,11,77240,5
pub-2335196381286225,gksubhashcharantest.com,0,30,0,30,0
pub-2335763024933651,LiTV,0,10,0,10,0
pub-2361439582177569,"AirKast, Inc",171,90480,1,89810,1
pub-2371490180685491,Coops de l'information,3,117680,0,117550,0
pub-2376845537345840,Eva (24H) DFP Premium,4,2510,0,2510,0
pub-2378110306265632,Boston Globe Media,162,23140,0,23080,0
pub-2385332075335369,GURU NETWORK Limited,1509,54860740,1174,54551140,1050
pub-2393320645055022,FatChilli Advertising s.r.o. (ADM 360),0,660,0,650,0
pub-2403018226404213,Ellipsis Limited,8,6540,5,6410,2
pub-2404059011276329,Sabina Turner,28,444300,0,443640,0
pub-2412736267497035,myCast TV,0,60,0,60,0
pub-2416286130465097,loopgames.xyz,1,430,0,430,0
pub-2425873607880696,Dhruvil Lathiya,0,170,0,170,0
pub-2441356707055312,"FuboTV, Inc.",0,10790,0,10730,0
pub-2442391371104067,QUARTER MEDIA - Ad Manager 360  (Enterprise),17,27090,0,26790,0
pub-2447328861322182,finderly GmbH & Co KG,2,1240,0,1240,0
pub-2454480833047148,Pivot,0,1010,0,1010,0
pub-2469114426564446,LiveScore,2725,2167520,0,2151610,0
pub-2474983058276216,Journal Media,59,27080,5,26930,3
pub-2475780245225692,MatchMediaGroup,284,7222390,19,7188290,10
pub-2479984019876294,Kitalulus,165,336930,4,335610,0
pub-2494949456600497,Asianxt Digital Technologies Private Limited,15,9660,0,9630,0
pub-2503223643573120,Bond Digital,1010,131110,361,129600,73
pub-2504467918933204,stol.it,5,1550,0,1530,0
pub-2504503821144226,Famobi GmbH,0,5940,0,5910,0
pub-2505569504233831,eReleGo Technologies Pvt Ltd,0,620,0,620,0
pub-2508694716802965,Večernji list,0,560,0,560,0
pub-2509511211458165,Uswa Ads & Technologies LTD,0,1410,0,1390,0
pub-2513284701509791,FloSports Inc,5061,595300,0,593370,0
pub-2519695894169472,Finca Raíz,2,3450,0,3400,0
pub-2525213804851735,"Hudl, Inc.",0,570,0,560,0
pub-2525632281911157,"Canela Media, Inc.",0,940,0,930,0
pub-2526244436744322,Moving Up,26,4540,0,4510,0
pub-2537743888829919,SyrupWallet_OCB,0,61400,0,61120,0
pub-2538700692662856,carview,0,1540,0,1540,0
pub-2539726528557482,Inshorts AFC,43,292280,33,290270,12
pub-2561470205289901,READWHERE DIGITAL DMCC,32213,2622620,10933,2609980,2009
pub-2570016744888779,Webiz Media,126,8770,7,8760,6
pub-2577219840435371,DMS - Choueiri Group,39,77120,1,75430,0
pub-2585781838920458,MoMagic,2797,483130,249,482330,2
pub-2589215577560035,ProTV Romania - CME,16,6820,0,6710,0
pub-2589745026265854,Rediff.com India Limited,0,27820,0,27630,0
pub-2596584084521364,Paddock Publications [OpsCo],4,890,0,860,0
pub-2608076546629502,FootballCo,3561,1541600,629,1530160,240
pub-2610726188717562,DWANGO Co. LTD,0,14470,0,13990,0
pub-2615941022292182,Irish Times Group,0,70,0,70,0
pub-2617755607680179,Proceso.com.mx,3,890,0,890,0
pub-2647321473134964,"SmartNews, Inc.",2994,184813320,88,184535750,33
pub-2651610126048271,Eurozet Sp z o.o.,16,1360,0,1350,0
pub-2654692582394751,Pittsburgh Post Gazette,0,4570,0,4530,0
pub-2655167539977380,SMC Advertising,0,2010,0,1990,0
pub-2655328104599275,"JSC ""Teleradiocompany Lux""",11,1370,0,1350,0
pub-2663571474549270,Supercent Inc,11,335470,0,332160,0
pub-2665157116778518,"United Airlines, Inc.",0,194320,0,192930,0
pub-2665856619952400,RGE: Oraki,22,31890,0,30720,0
pub-2676898002317977,Videoffy,0,117230,0,115690,0
pub-2684404419898089,"livedoor Co., Ltd.",15,24930,13,24740,2
pub-2691431236842224,GRUPO NC,0,30,0,20,0
pub-2693406886312358,DSS Aş- Lifecell Dijital,0,330,0,320,0
pub-2695620805954297,stockbrain,0,40,0,40,0
pub-2697679518515886,OKO,584,126170,0,125990,0
pub-2707197198306729,Senior Games,0,330,0,310,0
pub-2711925174938129,Rede Record (R7) - DFP,1,51130,0,50520,0
pub-2712774191810659,"GotChosen, Inc.",0,50,0,50,0
pub-2713914264223504,: Tappx,0,90,0,90,0
pub-2721283434318179,Sporta Technologies Private Limited,0,58810,0,57340,0
pub-2730263451308801,ub main,1,37640,0,37080,0
pub-2731153315189797,Gunosy Inc - DFP,0,4839890,0,4829690,0
pub-2732795386867378,PhonePe Private Limited,4039,79728840,0,79588630,0
pub-2733994315962633,Sinclair,18374,4013780,68,3997030,30
pub-2737207307311220,(unknown),0,360290,0,359230,0
pub-2758883993016828,Paul_Savita,30,2240,3,2230,3
pub-2761303069678717,Whiz,0,14140,0,13920,0
pub-2763148512435738,Mediastream SpA,0,2050,0,1960,0
pub-2767224457088053,"Roku, Inc",8,1371910,0,1355820,0
pub-2782555767558748,E-Membership Card LTD - T/A What's The Scór,0,60,0,60,0
pub-2786142621168932,PHENIX SAS,0,100,0,90,0
pub-2801326990568508,United,0,810,0,810,0
pub-2804628889499088,Publicidad Promociones Creatividad,0,810,0,810,0
pub-2804842558535487,Encyclopaedia Britannica Inc.,1,157330,0,156420,0
pub-2842912063229020,Bus Times - London Live Bus Countdown - Mobicia,1,170,0,150,0
pub-2845463438153782,Juice Bar Ads & Eureka Ads,0,70,0,70,0
pub-2846118603463995,Carsales,1,67440,0,67060,0
pub-2846557030358316,hittapunktse AB,0,270,0,270,0
pub-2855034486820621,BBC.COM - World - DFP EMEA,637,3220320,0,3199740,0
pub-2880359506957066,UrduPoint Network,3,3500,1,3480,0
pub-2881049672669412,APPIFYRETAIL PRIVATE LIMITED,0,9020,0,8990,0
pub-2883400176383461,Haystack TV Inc (PAI),0,2040,0,1680,0
pub-2909972057199646,comparis.ch,1,550,0,550,0
pub-2910125835303596,WATCH TV,0,80,0,80,0
pub-2915053785761950,ADmonkey,6,1097720,0,1083610,0
pub-2916476415135427,RP Digital GmbH,0,10,0,10,0
pub-2928070511708412,Finn - Vend ,1,110,0,110,0
pub-2930805104418204,Greeter APL,423,6723020,1,6686460,0
pub-2936272554692157,onemusic.in.net,0,230,0,220,0
pub-2937494567949278,Advance Local,0,223680,0,222000,0
pub-2946645251466442,ONE COMPATH,204,93770,21,93580,18
pub-2960293519697422,GameAdzone,185875,17123900,44548,17064090,25848
pub-2963750371173978,Neowiz_Premium,1118,280600,522,280220,478
pub-2964924015572549,"T-Mobile USA, Inc.",2552408,1034110890,17404,1032854130,7358
pub-2970406823702922,Estetik Yayincilik A.S.  - AdX EMEA,0,39630,0,39460,0
pub-2970881526191192,Eyecon Global,161939,167556300,71973,165951520,6677
pub-2971421842924714,WBDEG,0,30,0,30,0
pub-2980296806794086,GAM DFP,977,121710,157,121300,50
pub-2982761802120710,Rappahannock Media [OpsCo],0,190,0,190,0
pub-2986542027055433,ABS-CBN Corporation,0,20800,0,19680,0
pub-2995659801720227,Telstra / AFL,0,6500,0,6450,0
pub-3018576306493266,Nasmedia,0,910,0,880,0
pub-3022187191168126,ALRIGHT,0,1270,0,1250,0
pub-3024908212241985,IGN - DFP,2556,496490,110,495040,18
pub-3029538350873009,eltiempo,0,30,0,30,0
pub-3036959460587286,PT MRT Jakarta,0,930,0,930,0
pub-3037283395309048,FIOGONIA LIMITED,0,16520660,0,16499550,0
pub-3043035391943635,Raza Abbas,0,21060,0,20770,0
pub-3051644738909820,Locoguide Inc.,0,38150,0,38120,0
pub-3056185130641165,Game Circus,0,19770,0,19490,0
pub-3059699431943495,Azerion Italy,0,2930,0,2920,0
pub-3063620781573934,Cardnix,0,260,0,250,0
pub-3066090726403126,Easybrain Sudoku.com,1815,69005640,269,68771940,111
pub-3070200906174504,GCash,217,2379740,18,2372950,7
pub-3072455799230265,Electronic Arts (EA),2407,576530,16,573570,16
pub-3075048395839864,ALMASHHAD,0,40,0,40,0
pub-3082218991133045,FOX,0,7370,0,7290,0
pub-3091377276406146,Unity [Aura],345838,41501810,3833,41403820,750
pub-3092400408132569,Formula1,0,270,0,260,0
pub-3099359162317582,Ascendeum,0,30,0,30,0
pub-3103206173699652,OCCESS STUDIO LLC,0,53770,0,53330,0
pub-3121395254274896,FlightAware - DFP,7228,852780,10,850820,2
pub-3121563445182145,Ookla - GAM,0,162570,0,161630,0
pub-3134952999149122,LINE MAN,0,38780,0,38550,0
pub-3136799156954327,Astro Media Solutions Limited,4,3110,0,3110,0
pub-3145649375270829,ISRAEL TODAY NEWSPAPER LTD,0,610,0,610,0
pub-3152929819403237,ODK Media Inc.,0,240510,0,236170,0
pub-3161544063677152,POWERBEANS,0,420,0,370,0
pub-3173684497658546,Euronews,8,1360,5,1360,2
pub-3181948990765506,nebenan.de,0,100,0,100,0
pub-3182542624460184,Pixeland OÜ,0,2160,0,2100,0
pub-3182858089993196,Digital Matter,0,2020,0,1960,0
pub-3184487253168181,AppBroda,26121,519597760,2138,516261460,920
pub-3187899919725675,MakeMyTrip Group,0,11620,0,11580,0
pub-3188804682069256,MTV Lebanon,17,61820,0,61650,0
pub-3189884396468622,ekitan.com/,0,10,0,10,0
pub-3200418779552017,YP,0,10,0,10,0
pub-3203913233449175,Cablevision System Corporation,0,260,0,260,0
pub-3207534869492377,Sahibinden - AdX EMEA,7,82980,0,81640,0
pub-3211678176085263,Glow,288,204280,1,203830,1
pub-3230644944053289,Gulf News,0,110,0,110,0
pub-3234293859533495,Met Office - Accel,41,64860,0,63460,0
pub-3245570501173456,"Tumblr, Inc",176919,9993910,1899,9969380,1255
pub-3247985138801497,moovitapp.com,0,15825970,0,15792440,0
pub-3249462667057143,OLX Brasil,219,5530430,29,5495310,11
pub-3270539820829940,National Review Online: Oraki,0,1220,0,1220,0
pub-3271403132930532,Rhea & Dia Enterprises,3828,277970,495,277460,38
pub-3282450893215088,Particle Media 360,1092,98650210,72,97742130,11
pub-3282817941123609,RepublicTVNews,0,20,0,20,0
pub-3284479043848404,愛食記,0,230,0,230,0
pub-3284748043784390,TripAdvisor - DFP,39,1129470,3,1126000,0
pub-3285431102758252,Gamma Gaana Ltd,0,450,0,450,0
pub-3291688420680736,NSTP e-Media Sdn Bhd,2,970,0,970,0
pub-3291857779210486,"Alpred, S.L.",4063,7805890,23,7784250,9
pub-3297391796803667,Pelmorex Media / The Weather Network,2865,55290110,36,55116120,12
pub-3300265720150899,鏡新聞,4,620,0,610,0
pub-3309141347713586,Viki,0,341900,0,338220,0
pub-3328898302928686,Vidverto / Biddo,0,3783430,0,3319740,0
pub-3332870572361279,jpnn.com,0,220,0,220,0
pub-3335706850330798,Grupo Nación GN S.A.,3,28550,0,28210,0
pub-3336622786311329,"CBC New Media Group, LLC (WRAL) [OpsCo]",137,1684780,0,1673380,0
pub-3337772552589844,Plex TV,0,63670,0,63320,0
pub-3343505815278533,RCS - DFP EMEA,22,3660,2,3630,2
pub-3345820264133058,Infoplaza Network - Weather & mobility,13,17740,6,17530,1
pub-3347447072736919,Sprzedajemy pl Sp z o o,0,40,0,40,0
pub-3379969116950199,Admixer - AdX EMEA,6994,788000,1347,784030,844
pub-3380812601932631,Clickteck Limited,929,2789050,761,2736720,18
pub-3383802709640954,ETUS Media,1,800,0,800,0
pub-3385745654838179,Vietbao.vn,4,200,0,200,0
pub-3388787956980473,Carpenter Media Group [OpsCo],0,15150,0,15030,0
pub-3389025920703065,Pokkt (Maiden Marketing),35669,4217240,15415,4208020,6913
pub-3389318681438080,Dadi News Media (HK) Limited,2041,917830,1450,911770,678
pub-3397072371930255,Publisher1st.com,2,2030,0,1990,0
pub-3416137250539959,JP/Politikens Hus,0,1010,0,1000,0
pub-3418578878215241,SoundCloud Inc. - PRODUCTION,14,3692640,2,3677180,0
pub-3420584375125440,Apex Infoweb,21,2090,2,2060,2
pub-3428031914463355,ATMR ,86,144740,1,143300,0
pub-3428388859627253,Flixboss,0,30,0,30,0
pub-3428697181958205,Upday - DFP Premium,26,2880,4,2870,0
pub-3428971881228561,Keshet Media Group,273,85500,0,83950,0
pub-3430561196928589,Oriental Daily Sdn Bhd,2,1690,0,1680,0
pub-3435144854791309,keepgamesimple合同会社_83070,0,34730,0,34570,0
pub-3441040782719554,Dilly,484,83520,0,83220,0
pub-3444164362292791,Miniclip,78,7145120,0,7137060,0
pub-3446305859157241,McClatchy Interactive,89,48810,0,48440,0
pub-3457828022183906,QMI DFP Premium,3970,1742860,16,1737000,2
pub-3469257745550756,Particle Media Inc,58,1283730,0,1279760,0
pub-3471331560594429,Latina DFP,0,36500,0,35220,0
pub-3471779782944177,Brady Software LLC,0,1480,0,1440,0
pub-3477346062204992,The Independent and Evening Standard,9,1350,0,1340,0
pub-3494520468788589,Vuukle DMCC,0,70730,0,69650,0
pub-3504335756387279,asken Inc.,2,48340,0,48300,0
pub-3522377144365482,Salem Web Networks - DFP,2609,965690,1120,962510,605
pub-3533864070776314,Interworks Media,562,386140,301,385750,25
pub-3538033026920147,Ecuavisa S.A.,0,370,0,370,0
pub-3538702464248961,Interactive One,32,178420,0,176770,0
pub-3544365493652462,Ad Manager SB,5404,3263240,487,3254050,145
pub-3555924232859202,"ConnectIQ Labs, Inc.",0,5320,0,5280,0
pub-3565385483761681,diDNA,0,2070,0,2050,0
pub-3568241557781515,(unknown),0,970,0,960,0
pub-3570848546356648,Wight Hat,4,740,0,730,0
pub-3596904192578843,New Media Group Digital Services Limited,132,20030,8,19970,3
pub-3601762141672945,The China Press Bhd,3,2510,0,2490,0
pub-3601801886998170,WSC Sports,0,2180,0,2180,0
pub-3605257360853185,Freestar: US,10958,2616680,2021,2605100,622
pub-3612635663549934,Atolls Germany GmbH,42,164220,1,163650,1
pub-3613394453284996,LS Digital,0,14140,0,14020,0
pub-3619045887187031,PremiumAds GCPP,19854,83235530,662,82232440,259
pub-3622136098794040,TV TODAY NETWORK LIMITED,141935,12815290,37874,12790650,165
pub-3628210805193481,株式会社ワークス_64121,0,4850,0,4850,0
pub-3632368843074713, Live Cricket TV,0,1860,0,1850,0
pub-3635996105983444,HL / ST / POPNews,243,224390,122,223850,51
pub-3637011380019600,Chordify.net,64,22510,4,22440,3
pub-3638087574172802,Kaufcom GmbH - AdX In App EMEA,5,1900,2,1850,2
pub-3638364925976526,Wetter-Alarm,2,130,0,130,0
pub-3648074038486755,Slacker Radio,5383,456230,1430,454430,1193
pub-3649881113540082,RENASCENCA_MULTIMEDIA,16,2540,0,2500,0
pub-3652235801193628,Cars.com,25,1607570,0,1601340,0
pub-3659072358740436,Simple Health limited,11569,1311370,3360,1307810,1614
pub-3660933873562095,Explorads,55,886850,0,876790,0
pub-3661441281163245,X Corp,0,9280,0,9060,0
pub-3668594120601015,Naveed Khan Baloch,0,860,0,830,0
pub-3670385532468657,Quikr,129,14390,2,14370,0
pub-3671520451919439,ixigo ,116,1862140,28,1856300,10
pub-3675041742639235,PhonePe Business,10,337180,0,336580,0
pub-3686981407839642,TEGNA,4135,3586370,5,3567830,1
pub-3692164260958077,Gemini Media - Egypt,47,63880,1,63340,0
pub-3698943011435004,Primetrace Technologies Private Limited,0,1150,0,1150,0
pub-3705947225730894,MOVE TRAVEL SDN. BHD,0,4860,0,4830,0
pub-3706908978506417,Olympusat LLC,0,270,0,270,0
pub-3713905795065861,4Sale Int.,9,24230,1,24180,0
pub-3715489039296124,RDP B92 d.o.o.,134,96840,20,96530,10
pub-3715562101512710,Justbaat_Mediatech_Pvt_Ltd,0,67960,0,66360,0
pub-3718796142263644,PSV IP PARK LTD,2,326840,0,325220,0
pub-3728298158868792,TIDINGS MEDIA & COMMUNICATIONS PRIVATE LIMITED,8,6140,0,6050,0
pub-3733910612448694,GAM ROMANIA (all sites),0,150,0,150,0
pub-3739406736840659,LunaLuna,10,134090,0,133960,0
pub-3746578658400510,The Globe & Mail,520,358540,0,356540,0
pub-3748677422456569,Sistema Globo de Radio,1,20,0,20,0
pub-3758363830448791,Ekdoseis Proto Thema Ekdotiki AE,0,460,0,460,0
pub-3769023572612489,TQ,0,390,0,380,0
pub-3770382322886332,Goodie PL,0,40,0,40,0
pub-3771338616530558,Sporting News,48,13350,0,13300,0
pub-3774116067052752,JOYO TECHNOLOGY,654,16506450,151,16397180,85
pub-3789167702619381,Automotive Exchange Pvt Ltd,6,26370,1,26270,1
pub-3790066164809976,iZooto-Datability-UAE,6,740,2,740,0
pub-3790611991469673,(unknown),0,370,0,370,0
pub-3795324172534729,Viqeo Inc.,531,230620,7,227860,4
pub-3795410704797488,TelexHU,18,10420,6,10390,1
pub-3798388567416544,NEFIS LTD,0,30,0,30,0
pub-3817651789376148,SBLY,0,4520,0,4510,0
pub-3818077103468396,コネヒト_ママリ,0,1020,0,1020,0
pub-3818439763137947,長沙Kdan,0,170,0,170,0
pub-3820191072156260,ESTsecurity Corp.,0,124310,0,124210,0
pub-3827713459091290,(unknown),3,573470,0,568590,0
pub-3846271310706723,FourM Inc.,93,128870,78,127740,26
pub-3859050685269056,fluct.jp,233,219620,32,215620,3
pub-3859189003926819,Glance Digital Experience Private Limited,15038,1252850,59,1248260,44
pub-3871211374414607,Droom,0,420,0,400,0
pub-3872674820285626,Rtbdemand,4,4348110,0,4283310,0
pub-3874183981921856,Zoosk inc,2,1680,0,1680,0
pub-3880661451400141,Carousell.com,342,1775040,34,1770030,5
pub-3898734548297576,"Flextech, Inc.",0,11120,0,11040,0
pub-3899087055267599,ca-pub-1096422525292795,0,1120,0,1120,0
pub-3906924295117189,ポノス株式会社_82111,0,206060,0,205530,0
pub-3907228076544531,Forza Football,0,145490,0,143110,0
pub-3907441651958358,EstrellaTV 360,0,3820,0,3730,0
pub-3907573932121535,Liquid Publishing,59,8680,10,8590,5
pub-3925460819556164,工商財經數位股份有限公司,6,1840,0,1830,0
pub-3954569533798621,Associated Broadcasting Company Pvt Ltd (Tv9),350,40390,33,40340,3
pub-3960095709930134,152 Media,26865,43215690,0,42344070,0
pub-3965988372426589,SportsNet (SNY) - OAO,0,7510,0,7480,0
pub-3972854981992936,Neutral Publishing House,0,320,0,320,0
pub-3975172117740755,Baby Penguin - DFP,1,96210,0,95780,0
pub-3977122154505186,IncrementX,53,815220,3,803380,3
pub-3980300725513096,The Washington Post,509,908640,0,904060,0
pub-3990180157183002,The Epoch Times - Banner + Video,0,15660,0,15620,0
pub-3990905903377147,Mixcloud,3,7760,0,7700,0
pub-3991115787064102,AMAURY MEDIA,0,70,0,70,0
pub-3993060517361862,gamestown.xyz,0,19760,0,19640,0
pub-3998814504236443,Impala Studios,0,247480,0,246580,0
pub-4001305999037718,British Sky Broadcasting Limited,0,270,0,270,0
pub-4001627210535133,kaidee.com,0,3560,0,3560,0
pub-4027176265514135,LINE Today Thailand,0,100,0,90,0
pub-4041652508766471,Foreca Oy,0,2480,0,2450,0
pub-4045714371314153,Hornet - App/Web,3606,1382450,1351,1313230,302
pub-4049302449601269,365 Digital Media Pty Ltd,0,70,0,70,0
pub-4056060077201220,23315330471,0,130,0,130,0
pub-4060340464385296,OFEM MEDIA GROUP OMG,1,20,0,20,0
pub-4067313198805200,Out Fit 7 Limited,664,25833080,129,25375340,53
pub-4069693291391267,Manorama Online Digital Network,60,39780,0,39610,0
pub-4076933686662947,FreePlay,0,220760,0,215930,0
pub-4094188707544139,Jogatina,0,4590,0,4530,0
pub-4095410873185891,BISNIS.COM,1,6920,0,6920,0
pub-4106954459115673,CSFD.cz,4,810,0,800,0
pub-4108518876318205,Mixi Mitene,0,8344640,0,8329580,0
pub-4109887473682337,IMDb,0,263700,0,261650,0
pub-4111763448220873,Forbes- DFP,0,10,0,10,0
pub-4117880686175344,"Duolingo, Inc.",575279,57865940,10141,57789910,4386
pub-4125803438190248,Pravivansh Enterprise(USD),0,20,0,20,0
pub-4126038545079996,BECi Corporation Ltd.,18,23460,0,23390,0
pub-4126841628148290,ADVFN / IHUB,19,2450,0,2410,0
pub-4128261648398888,Webmotors - DFP,2,64640,0,64160,0
pub-4129185849548679,VIDIO,1,208200,0,198680,0
pub-4138989810285804,433 ads,0,290,0,290,0
pub-4140044167073835,MM TV Limited,325,113480,42,113330,31
pub-4140699128364550,Lion Studios,0,1187990,0,1178930,0
pub-4159017740785598,WSJ,10,878750,0,875300,0
pub-4161694526145512,OCM Digital Media Cyprus Limited,0,2270,0,2270,0
pub-4177154002014459,TCL ADs,0,488080,0,406170,0
pub-4177862836555934,The New York Times - Production,5,335660,0,334430,0
pub-4178364076071553,Wongnai,4,6000,0,6000,0
pub-4180835694166255,Associated Northcliffe Digital Limited - DFP EMEA,1566,882110,3,880210,0
pub-4183845302560904,Domain - DFP APAC,0,41260,0,40570,0
pub-4188807138211503,Mediamond - DFP EMEA,12,9330,0,9190,0
pub-4191821473966699,Al Jazeera Media Network,0,3290,0,3220,0
pub-4193227316507338,Cineplex - XFP,0,150,0,150,0
pub-4208506228524556,Pocket Princess,0,370670,0,367790,0
pub-4209130372792644,NetDania.com,32,161180,9,160540,1
pub-4209653137970238,Genius,0,900,0,890,0
pub-4210548651990521,Arena Holdings,1,490,0,450,0
pub-4220730388170760,ND Vijesti,0,4100,0,4100,0
pub-4223971215159640,Dass Group S.r.l.,46,4830,0,4810,0
pub-4230533571810282,Greynium Information Tech Pvt. Ltd.,73,11120,29,11040,0
pub-4238761749782963,Dish Infra Services,0,750,0,750,0
pub-4241681397013175,Claro S.A.,2589,561120,55,551180,45
pub-4258236965795344,AH Belo,15,92920,8,92510,2
pub-4261758103850511,Australian Radio Network [A_A Digital],0,2540,0,2430,0
pub-4270686160673198,VO2 Cap,0,30,0,30,0
pub-4276969157128104,Snigel Webservices Ltd,11,6390,1,6360,1
pub-4278168363437499,Sportsmate Technologies,3,1090,0,1010,0
pub-4285252170813576,リミア株式会社,0,10,0,10,0
pub-4285857998522649,Darik Digital,0,540,0,540,0
pub-4290828908943152,Public Adx,5094761,465235980,361914,464276260,14720
pub-4292114341346073,Sybo Google Ad Manager,1,195700,0,195090,0
pub-4296839430913713,Netpoint Media,0,20,0,20,0
pub-4297502198539838,Barstool Sports,1,87510,0,87320,0
pub-4307100767376023,Concept,0,80,0,80,0
pub-4308498478038634,Grupo Plus,0,1870,0,1870,0
pub-4314010215381380,Baby-Kingdom.com Limited,35,27290,31,27250,20
pub-4314065930621510,Boats Group,0,10,0,10,0
pub-4322545682653075,Times_Internet_Limited_India_New_Account,989,784060,14,781250,8
pub-4323567130588724,"GETTR USA, Inc",0,290,0,290,0
pub-4347410694464353,GogoLook,115,7276100,1,7250410,0
pub-4363209819875596,Solebon,27,17890,0,17860,0
pub-4363339964316411,Trade Me Ltd - APAC,0,36350,0,36300,0
pub-4372434382247299,StockTwits - OAO DFP,0,30,0,30,0
pub-4379934524058169,m-Indicator,0,8260,0,8240,0
pub-4384177819010340,United Internet Media GmbH,875,78540,0,78300,0
pub-4391888729917082,The Spokesman-Review,3,4560,0,4510,0
pub-4396642442527865,Content Ignite,0,390,0,380,0
pub-4397644604601927,AddApptr GmbH,2034,17733650,1171,17641220,646
pub-4414014313996629,Milenio - DFP,0,10880,0,10810,0
pub-4429655108069443,Teamblind -  US,1754,663170,5,661520,3
pub-4438537725609581,Spotify - DFP Premium,108865,92175870,3060,90993270,5
pub-4442087741522266,Goodreads.com,324,304670,1,303770,0
pub-4446197411104926,Callosum Software,2784,1262170,1224,1258120,123
pub-4447079468650518,Tecnavia Press,0,4210,0,4120,0
pub-4452200330759571,Voicy Inc,0,1700,0,1680,0
pub-4463985043973996,正式环境,0,18640,0,18520,0
pub-4464869550313440,8.9.trillion,0,20,0,20,0
pub-4464881693252965,FORTA NEWIX,0,80,0,80,0
pub-4473243306309979,FinanzNachrichten.de,0,40,0,40,0
pub-4481874974441258,Advista AS,8,1840,0,1840,0
pub-4491659496372172,Teletel Communication Channels Ltd (Walla),35,55840,0,54540,0
pub-4500689819986527,LINE OpenChat JP,0,48440,0,48370,0
pub-4505300723550831,(unknown),0,10,0,10,0
pub-4505771934033417,GasBuddy,8,367890,0,366370,0
pub-4517325665103541,Cricbuzz,2176,5017900,47,5009120,16
pub-4526142750706844,KAHF YAZILIM ANONİM ŞİRKETİ,0,100,0,50,0
pub-4532033882637139,99 TECNOLOGIA LTDA,5,967370,0,953050,0
pub-4536503610150861,YUNBU TECHNOLOGY LTD,0,153110,0,152460,0
pub-4537934268730721,JioSaavn - DFP,54686,6352340,663,6341850,349
pub-4542706584658277,Flower Ave Inc,64,505680,57,505290,27
pub-4545340155241678,アマネファクトリー株式会社,1,57190,0,57130,0
pub-4560331049790501,Sales Contact Szolgáltató Korlátolt Felelősségű Társaság - ADX EMEA,0,1620,0,1600,0
pub-4564919964421492,By Aliens Limited,0,16930,0,16830,0
pub-4566162794386350,Radio Mitre S.A.,0,80,0,80,0
pub-4570604120214011,WetterOnline,3460,1176680,44,1173110,8
pub-4573231550355221,Ad.Plus,799,1931880,456,1925870,132
pub-4578356188364792,Corporación La Prensa,5,2620,1,2580,0
pub-4583457764612266,Canal 13-AdX,0,330,0,310,0
pub-4586415728471297,Playstream,1,1772370,0,1731600,0
pub-4590856527060908,Trainline.com,0,18600,0,18290,0
pub-4597666553666056,Listonic Sp. z o.o.,0,21390,0,21200,0
pub-4607920268439059,beIN SPORTS USA,0,400,0,390,0
pub-4613881071217662,Canadian Broadcasting Corporation (CBC) - DFP,0,1021930,0,1015580,0
pub-4616198077807596,"Samsung Electronics America, Inc.",0,320,0,320,0
pub-4618644450685964,Gecko Labs Pte Ltd,0,24780,0,24570,0
pub-4629305111637335,Rede Principal,0,70,0,70,0
pub-4631273822484873,Toho Cinemas,0,720,0,720,0
pub-4646790493645218,문화방송 (iMBC),0,80,0,80,0
pub-4647602549826544,Xgame,0,390,0,350,0
pub-4649506106662644,wetter.com GmbH,0,30,0,30,0
pub-4662255021446444,THG Publishing Private Limited,101,40080,0,39980,0
pub-4665303395338497,CyberLink Corp.,0,7210,0,7170,0
pub-4675149194070578,South China Morning Post Publishers Ltd.,103,57230,0,56710,0
pub-4686405784285870,Pubscale,6096,71154870,1070,70633760,425
pub-4689668295415316,elvocero.com,0,360,0,360,0
pub-4697884299054890,120 Sports LLC d.b.a. Stadium,0,350,0,350,0
pub-4721864669761204,(unknown),0,40,0,40,0
pub-4721912226533000,Forum Communications Company [OpsCo],2,142490,0,141650,0
pub-4727357681945970,Veek Tecnologia S.A.,5,26770,0,26430,0
pub-4739261989220153,MyRadar,12928,1832290,1,1826730,1
pub-4763065959875201,Popcore GmbH,20,723970,1,720590,1
pub-4767982022488408,Gremi Media SA,0,100,0,90,0
pub-4770306737042736,Deezer,0,20,0,20,0
pub-4781597613486695,AllAboutLifemarketing,0,5870,0,5860,0
pub-4785124336857553,GFR Media,28,267000,1,265860,1
pub-4793664192088228,Nagravision,0,360,0,360,0
pub-4798561530103428,GrupoRPP S.A.C,44,141540,2,139150,2
pub-4807561457669996,BLOXDigital.com,8395,1810840,6,1804020,5
pub-4811304577436953,"GMO Media,Inc.",0,5920,0,5920,0
pub-4811453457673198,Elektron Labs,0,2110,0,2110,0
pub-4812690725797035,Chicago,0,80,0,80,0
pub-4814312082916619,WEVERSE COMPANY Inc.,4,65470,0,64770,0
pub-4814584741152109,"PhotoCircle, Inc.",4527,1088330,1834,1086940,941
pub-4836542095728076,Positive: Mobile,7,98030,0,96130,0
pub-4838465652353986,Blupin Technologies Private Limited,0,13582630,0,13565730,0
pub-4838987040190025,Mediabox Digital AG,0,10,0,10,0
pub-4845127972333204,zivpn,2286,706440,2111,703550,54
pub-4845187769363087,Jambo Jar Pte Ltd,0,37050,0,35860,0
pub-4851489368277895,Grab,0,236100,0,229970,0
pub-4852648676317437,FMT MEDIA SDN BHD,0,140,0,140,0
pub-4856982176723165,ETV Bharat,0,230,0,230,0
pub-4862999331427073,"Syncbak, Inc.",0,1545680,0,1523050,0
pub-4865445412716104,JPost: Oraki,482,153140,0,152300,0
pub-4865615656343780,mbappgiwwg33nfzwgs5tffzwgs5tfgrsa8888.com,0,2210,0,2200,0
pub-4865685300463942,Nine Radio Pty Ltd,0,10,0,10,0
pub-4874272197446518,PixPrompt,0,9450,0,9430,0
pub-4874346229525657,Itai,0,2770,0,2750,0
pub-4875100121393003,PERIOD TRACKER & PREGNANCY AND BABY CALENDAR LIMITED,42,320750,7,319730,2
pub-4892737087805334,Telefootball.net,3,290,0,290,0
pub-4892920407740104,DevRel Test Network,0,78120,0,75830,0
pub-4899176546544041,Fuel Digital Media,2,3610,0,3580,0
pub-4902361657732818,Arvind,6941,593590,3489,592670,358
pub-4903453974745530,APL,1031,12624320,1,12547130,1
pub-4913911570226713,IRONMAN,0,49260,0,49130,0
pub-4916119724568126,Medio tiempo - DFP,27,12470,0,12380,0
pub-4933925025705454,Gumtree South Africa,0,120,0,110,0
pub-4939627312372232,"Online Media Co., Ltd.",1,2140,0,2140,0
pub-4939634212290203,SAPO,24,5530,0,5510,0
pub-4948203137867593,Multimedios - DFP,2,6280,0,6250,0
pub-4957420965636196,H3G SpA,0,40,0,40,0
pub-4959444728030542,TCL tv+,0,240720,0,196970,0
pub-4961161240106236,Go inc,0,1730,0,1730,0
pub-4962670401462476,Career Times Online Limited,0,10,0,10,0
pub-4967403909703974,BeSoccer,79,16410,9,16320,0
pub-4981369632867985,Mirai Studio,0,106250,0,104870,0
pub-4985111234444676,PakWheels Pvt. Ltd,18,27660,5,26340,2
pub-5000295297395028,Groupon,2866,2129100,0,2121770,0
pub-5014945421810826,Doubledub Inc - DFP,1883,706430,662,701400,196
pub-5019839085515275,Minicades Mobile Pty Ltd,0,3400,0,3380,0
pub-5022736079302351,Index,0,140,0,140,0
pub-5032399323662736,ARTEAR,0,90,0,90,0
pub-5038203616881045,Algo Media LTD,0,20480,0,20380,0
pub-5041886492880162,Revenue Maker,6,250,0,250,0
pub-5049417349563923,Untappd,51,464240,9,458290,2
pub-5050972583089508,A7_Heb,0,830,0,830,0
pub-5062264429641277,Octro - DFP,0,30,0,30,0
pub-5066336751337704,AS Media,3,17320,0,17010,0
pub-5077692833673211,dikasihinfo.com,0,48610,0,46230,0
pub-5078581608677830,TraderInteractive,72,205800,3,205220,3
pub-5083075333885418,iCarros,17,14220,0,13550,0
pub-5083280847589480,Sportskeeda Inc,32,76520,13,76440,0
pub-5086470049943522,Interplay Media PTY Ltd & Sports Entertainment Network Pty Ltd,2,2610,0,2590,0
pub-5091088903972311,Haaretz - Google DFP EMEA,77,17760,0,17330,0
pub-5092018972572376,Haberturk - Adx EMEA,88,37670,8,37350,1
pub-5105067122536534,Gumtree UK,14,3370,0,3370,0
pub-5110600191279160,NiaziPlay Media Studio,0,6320,0,6310,0
pub-5111913532517015,MAVERICKS LINK LIMITED,0,6968400,0,6938680,0
pub-5119817202409827,BCCARD,34,14040,1,14020,1
pub-5129744018672189,KSL - Deseret - GAM,62,343110,0,341770,0
pub-5131908706829055,atocos株式会社_81253,14,219990,14,219770,0
pub-5140015289247430,365Scores,11,15445870,0,15285060,0
pub-5140761527724000,Trend Media Limited,2,1700,0,1660,0
pub-5144473740694489,Izzi,0,11720,0,11440,0
pub-5157313984018995,meteoblue AG,0,6000,0,5850,0
pub-5159985922026095,GAM Main,0,60,0,60,0
pub-5160554402128923,Mandalay Ads,0,4040,0,3940,0
pub-5162559695579614,The Salt Lake Tribune [OpsCo],0,80,0,80,0
pub-5178036110946017,Sinar Karangkraf Sdn Bhd,77,5780,0,5780,0
pub-5180699222240278,Grow Solutions,1,42580,0,41820,0
pub-5181625821389046,iLightning Studio,0,130,0,130,0
pub-5182044757842303,WPLG Inc. [OpsCo],710,62780,0,62050,0
pub-5182719158779206,Ticket Serviços,0,298960,0,293320,0
pub-5186178789274662,Caracol Televisión,9,63950,0,62200,0
pub-5190935653373739,Tribune Interactive,0,82650,0,82310,0
pub-5198056642589400,HIGAME GLOBAL LIMITED,32,2456250,12,2424720,6
pub-5202696324535897,Pearl and Dean Ireland,0,10,0,10,0
pub-5213147081429798,STEP Network,0,440,0,440,0
pub-5227748429508049,The Indian Express Online Media P L,0,25190,0,25060,0
pub-5238139960253059,OpenRice HK,0,1680,0,1640,0
pub-5242444523663452,株式会社CLEARNOTE,0,10,0,10,0
pub-5245424579982018,ad optimiz,0,440,0,430,0
pub-5249129854329902,シャープ株式会社,0,260,0,260,0
pub-5250577942904472,"Dick's Sporting Goods, Inc",0,108090,0,107260,0
pub-5256463921592701,Trần Lê Duy,1,631680,0,621810,0
pub-5258294772616347,DISKWALA LLC,301,1634840,0,1631030,0
pub-5276483229119153,ROTECH PTE. LTD.,0,6460,0,6370,0
pub-5278973888786334,MonetizeMore (USD),655,198960,218,198250,93
pub-5279917426872587,Bleacher Nation,1,1910,0,1840,0
pub-5281367250592781,CRP,147,158640,28,157520,15
pub-5281467099397116,Networld,95,11370,7,11300,5
pub-5286346120013326,Longitude,5,610,0,600,0
pub-5289793328419085,Cifra Club e Palco MP3,0,30,0,30,0
pub-5290441401882090,Issuu,0,40,0,40,0
pub-5300475622156159,Rave,36,12250,3,12230,2
pub-5313162903174685,RBS - Ad Manager 360,6,42430,0,41080,0
pub-5316357300190146,AdStir # Self,0,9150,0,9040,0
pub-5317723601985028,Livemint,1,510,0,510,0
pub-5323121357063947,LETGO MOBİL İNTERNET SERVİSLERİ VE TİCARET ANONİM ŞİRKETİ ,35,8710,14,8650,7
pub-5325341551915141,Treenod Inc_80473,2,189000,0,188820,0
pub-5334933672664076,Webedia - DFP Premium EMEA,0,30,0,30,0
pub-5339081302191430,Amar Ujala Publications Ltd,380,31880,25,31850,17
pub-5348345762832984,Jambojar Technologies LLP,0,64350,0,61860,0
pub-5348980928353387,CMG Digital,2,610740,0,606210,0
pub-5350171868933536,Portico Media,163,35320,58,35180,17
pub-5353897755689687,"Orion Media, S.A.",0,90,0,90,0
pub-5360502523973370,El Universo,0,250,0,240,0
pub-5372661266361105,Snack Media Sports Network,7,49650,0,49260,0
pub-5386681437446122,hfgfg,0,1550,0,1550,0
pub-5386916748075376,Peanut App,0,1260,0,1260,0
pub-5398935394017515,Regional Sports Networks,0,60,0,60,0
pub-5405132603504384,Vox Media,0,30,0,30,0
pub-5411411293321727,HIRAPARA SAHIL RAMESHBHAI,0,1210,0,1130,0
pub-5413329544040947,Cybermedia Singapore,6645,1118100,1473,1105770,795
pub-5416382255097091,Vodacom,0,130,0,110,0
pub-5417641819419961,GYAANFIESTA,0,40,0,30,0
pub-5418289688863489,Coolboots,0,460,0,460,0
pub-5431329884611022,Shadowfax Technologies Limited,0,6060,0,6050,0
pub-5439884073052441,Townsquare Media Premium,11,353390,0,350680,0
pub-5454875279695201,ACQUA HK (AnyMind),46,48520,20,48130,7
pub-5472329589306100,Zego Global Pte Ltd,0,1000,0,1000,0
pub-5472357192251791,The Seattle Times Company,0,15430,0,15340,0
pub-5474228043695028,ActiveView,5,4120,0,4040,0
pub-5475785420405214,(unknown),6,5545380,0,5482260,0
pub-5477046158330132,DPlay Entertainment Limited,0,290,0,290,0
pub-5483666079610797,Mingpao.com DFPSB,416,136030,0,135460,0
pub-5486739964058807,Synergistic Financial Networks Private Limited,0,1160,0,1150,0
pub-5490061965768905,PT Mahaka Radio Digital / Noice.id,0,2600,0,2360,0
pub-5499238670030757,Straight Arrow News,242,149320,3,148330,1
pub-5512390705137507,optAd360,304,2014350,28,2004160,21
pub-5512453461149962,CordlessMedia LLC,0,2560,0,2550,0
pub-5515099021728263,TV Azteca,0,384270,0,381990,0
pub-5519932053813783,Kakaku - DCJ - DFP Intl - APAC,0,13760,0,13720,0
pub-5523854136163524,Marathon Ventures (OAO),0,2470,0,2430,0
pub-5527346396361189,MetService,1,10850,0,10760,0
pub-5533854580432370,Revloq - North America,0,660,0,620,0
pub-5539691492742074,IDPL,91,40710,3,40560,0
pub-5545962412010602,NEXA (web property type cannot backfill error),0,73240,0,71860,0
pub-5548385977941246,East Idaho News.com LLC,0,12400,0,12230,0
pub-5559175468264177,AutoTrader Canada,56,648210,8,646670,4
pub-5561639851252341,"Paltalk, Inc.",22,3140,10,2690,10
pub-5566024169310487,Cong Ty Co Phan Tap Doan VNG,17,235680,0,234580,0
pub-5582226006165721,Gamnetvn,2,147800,0,146220,0
pub-5583759657700485,Plainsight games LTD,0,200,0,200,0
pub-5595813763438605,Playvalve S.L.,0,84640,0,83500,0
pub-5596601023272183,beritasatu.com,0,400,0,400,0
pub-5610521491184789,MedyaNet - AdX,170,66870,14,65440,4
pub-5610649146674306,ReklamUp,211752,833233510,4414,825441400,2248
pub-5611053662613390,Postmedia - DFP Americas,828,415600,126,413690,39
pub-5614142128987364,24 MEDIA DIGITAL SINGLE MEMBER S.A,0,1240,0,1210,0
pub-5614695549775797,24H DFP Premium,1,9520,0,9440,0
pub-5616046187545019,OpenWeb (Formerly Spot.IM),0,200,0,200,0
pub-5641030282947344,Infostud 3 doo,0,6460,0,6400,0
pub-5648155621589168,上海幂集软件有限公司,0,10,0,10,0
pub-5648287205643829,Storm8,0,150,0,150,0
pub-5650356632728510,ufoto,1259,607480,897,605540,26
pub-5658388570250513,TixDaq Limited,0,8290,0,8230,0
pub-5660047458598732,GRASグループ株式会社,365,62960,47,62830,13
pub-5667841606697413,meitu-content,1045,439200,209,437580,48
pub-5671002584951768,HBVB - Bauer,0,30,0,30,0
pub-5672557457834454,NBCUniversal,0,315190,0,313200,0
pub-5689805440782123,Punch Nigeria Limited,130,13280,3,13230,0
pub-5713386844944010,wallstreet:online AG,0,3250,0,3180,0
pub-5717092533913515,Gannett,6319,4681290,287,4650210,218
pub-5717474790733125,Hamza Jahangir,0,180,0,180,0
pub-5719939684469996,FotMob Main Account,6262,30022500,432,29915550,126
pub-5727964562253825,Tiscali-it - ADX EMEA,0,10,0,10,0
pub-5728527092201266,NEWSBEAST.GR,0,240,0,240,0
pub-5743258084889068,A5,0,80,0,60,0
pub-5746030484598936,Planet Sport Limited,4,7000,0,6910,0
pub-5749945813554491,AKRURA PTE. LTD.,0,500,0,500,0
pub-5751058845125214,Team mates Pty LTD - DFP,18,588060,0,586660,0
pub-5752345909964040,YOJANAOK ,0,480350,0,476480,0
pub-5758578681396630,Nobex Technologies Inc,1693,87950,8,87300,2
pub-5759440381348338,88842933,18,631320,0,629380,0
pub-5761378224098372,Mixerbox,13,394380,0,390500,0
pub-5765075793980618,Encuentra24.com AG,464,140680,34,140140,6
pub-5766479493896625,Playgendary,0,78930,0,78330,0
pub-5767825948286332,OBOZREVATEL,0,60,0,60,0
pub-5772437209094743,A&E Television Networks - DFP,0,380,0,380,0
pub-5773754360977056,Mobile.de GmbH,632,155810,154,153600,85
pub-5774834448111470,"UAB ,,Euroadvert“",207,80210,24,77600,3
pub-5781531207509232,Venatus Media Limited,1425,57039460,13,56861840,12
pub-5783798087148225,"GMA New Media, Inc.",4,8880,1,8870,1
pub-5786819153313314,Axel Springer Media Impact - Google managed,0,20,0,20,0
pub-5798967353785725,GB News,0,10,0,10,0
pub-5811031357968989,Flightradar24 AB,0,170,0,160,0
pub-5812357352335075,Playwire Media,7993,3469930,1352,3464910,474
pub-5818226136991465,Tinybeans USA Ltd,0,970,0,940,0
pub-5819116102742205,101 Media Lab,0,40,0,40,0
pub-5823310977760966,Vizio Ads CTV,0,3750,0,3710,0
pub-5831041022424645,Digital Turbine,0,7380,0,7350,0
pub-5831866191128057,MediaNews Group,7,56860,0,56190,0
pub-5837258997264392,America TV SA - DFP,0,1230,0,1220,0
pub-5841056313801222,Shemaroo Entertainment Limited,6,8350,0,8210,0
pub-5841863421039972,Newborn Town,0,678710,0,674490,0
pub-5848572006993303,NOKTACOM MEDYA - AdX,0,80,0,80,0
pub-5855904452034916,every.tv,19,64780,0,64540,0
pub-5859053032255381,Hallmarkchannel.com,0,1410,0,1390,0
pub-5860556683125468,Appvestor Aps,876,226590,6,225910,3
pub-5869662926909209,National Rugby League [A_A Digital],0,2190,0,2140,0
pub-5871771793149897,PlaySimple Games,2346,67051880,81,66845130,47
pub-5876478872047758,TimesNowNews (BCCL),11,5580,0,5570,0
pub-5878944020598993,Glance Digital Experience Private Limited GAM 360,43416,4337570,32,4321920,31
pub-5879135606263005,NextDay,106,21930,2,21840,0
pub-5884294479391638,Publift Fuse,1463,428560,46,427480,1
pub-5887232595845499,株式会社サイバード,0,241020,0,240580,0
pub-5888776400639762,LG Ads,0,25260550,0,25158190,0
pub-5891789365810703,Roppen Transportation Services Private Limited,40,1659030,0,1656940,0
pub-5897179876377792,GENIEE,6,404010,0,403460,0
pub-5898078719916247,Whisper,341,3465000,322,3453230,183
pub-5905948103615127,Sun-Times,0,6670,0,6610,0
pub-5906247292784018,AdKaora,0,40,0,40,0
pub-5917327808416348,Studio Venum - applovin,30,682820,9,681840,3
pub-5918552270747313,SS+,67,11080,17,10980,1
pub-5919518257977211,アイア株式会社_83502,0,1450,0,1440,0
pub-5933401020759485,株式会社ドリコム_83351,0,6790,0,6780,0
pub-5935134472332636,Way2news,686,1797570,129,1795230,60
pub-5939546494366247,National Cable Satellite Corporatio,2,28410,0,28260,0
pub-5945252571776113,Flickr,0,20,0,20,0
pub-5955676546704520,MediaTonik,0,3420,0,3360,0
pub-5968234639439544,Griffin Communications [OpsCo],0,9510,0,9420,0
pub-5968238976323654,株式会社FiNC,2,22450,0,22440,0
pub-5971774910411684,Yapo.cl,0,880,0,880,0
pub-5972703295500969,Motorsport Network,27,22890,2,22770,0
pub-5980902634316497,arutz israeli yehodi ltd- 0404,7,6500,0,6340,0
pub-5998088572061125,CallApp Software Ltd,395581,120329600,247007,119798700,24596
pub-6001379093615251,ArabiaWeather,120,31630,45,31050,9
pub-6009380877726743,novasports.gr,1,340,0,340,0
pub-6009659199113026,Dinamalar,2,430,0,430,0
pub-6012850484201289,PicCollage,17984,1629500,339,1625780,86
pub-6028289858130678,Traffective GmbH,12,1380,1,1320,1
pub-6028767826330736,Onedio,84,23330,49,23190,0
pub-6039066949859747,World Surf League,0,1470,0,1450,0
pub-6039323280936235,UDN.COM,1,500,0,500,0
pub-6041831594029090,DoApp,5,40040,0,39860,0
pub-6042373951237502,Frankly Inc.,5,1020,0,1010,0
pub-6048164672819885,Offerista Group  - DE/AT,0,10,0,10,0
pub-6056920756837707,RCTI+,0,40710,0,36030,0
pub-6063938032580800,Outdooractive,0,1900,0,1850,0
pub-6067472232363177,www.TaboolaNews.com,24,533170,1,532140,0
pub-6070398767421094,Readwhere Exchange,121,213860,13,211110,3
pub-6071637159339291,Abril,5,5780,0,5590,0
pub-6073512346399451,Behtar Technology Pvt. Ltd.,3611,1066930,2772,1065640,281
pub-6083131252896153,Crystal Missions,0,840,0,810,0
pub-6102685185128502,Climatempo,333,80840,1,80410,0
pub-6105657495613936,TJ_UpgradeInfotech_MA_Bhavesh Paldiya,21,2070,0,2030,0
pub-6108343107686691,KIM+ TECNOLOGIA EM MOBILIDADE LTDA,0,5720,0,5340,0
pub-6131228133143733,AGEA S.A.,0,220,0,200,0
pub-6135755055108895,OLX PK,162,66060,98,65720,45
pub-6141293476329661,ULLU DIGITAL PRIVATE LIMITED,101,34480,9,33460,0
pub-6152623027451786,Duban,0,17300,0,17240,0
pub-6160182099419694,Badoo,3987,3606130,70,3597690,24
pub-6161288140452981,TAPBOOST,3205,47750270,0,47481260,0
pub-6163857992956964,Azerion OneFMS,0,6380,0,6370,0
pub-6167188609284832,Jeeny,0,290,0,270,0
pub-6167238712729032,Image Future (Thailand) Company Limited,36,20930,1,20890,0
pub-6170045142978493,有限会社なんかいいね_49830,0,330,0,330,0
pub-6172788664270878,Linkaja.id,2,390450,0,389310,0
pub-6179508689450220,Public Publishing,1,70,0,70,0
pub-6193055017327110,NL - 001,0,1430,0,1430,0
pub-6194810765099297,Grupo Crónica,1,230,0,220,0
pub-6203040053224647,Nova Cittamobi Desenvolvimento em Tecnologia Ltda,6204,1169160,660,1163690,173
pub-6209155781541074,MONDO INC (ex. Admatic),317,57490,90,57420,47
pub-6216589748683079,ARY Services Limited,11,40810,0,40690,0
pub-6227925830388804,LINKDESKS PTE. LTD.,0,14000,0,13780,0
pub-6245227841947028,NFL Enterprises LLC - DFP,5697,3046640,0,3009680,0
pub-6245873721150554,ETV Win,0,5190,0,5150,0
pub-6248968422586298,Explurger Private Limited,0,2160,0,2140,0
pub-6249400369691886,YieldLift,0,550,0,540,0
pub-6254331789601537,HBDR_MCM,0,338280,0,333510,0
pub-6260776146207957,iCable,0,1080,0,1080,0
pub-6271855784904498,XO Group - DFP,4,74040,0,73840,0
pub-6275030221952515,FOX News - DFP,33996,56491570,140,56323900,12
pub-6280826627721146, Deseret News|Deseret.com,0,17140,0,16970,0
pub-6286023154905236,Adx-236,1500,166916600,37,165771960,24
pub-6293734167961718,AMCO,0,7570,0,7490,0
pub-6301209411555089,Beasley Broadcast Group Inc [OpsCo],0,65690,0,64510,0
pub-6303188887720608,"SIA ""Draugiem""",0,160,0,160,0
pub-6314168058065736,Affinity,0,90,0,60,0
pub-6316930168563055,Hespress.com,311,72770,19,72570,2
pub-6329844596351341,VoiceTube,0,1580,0,1570,0
pub-6330791094260149,UOL,297,146230,13,140820,0
pub-6332442145875178,TVB Holdings (USA) Inc.,54,111890,0,111110,0
pub-6336322474428590,GRUPO EDITORIAL LA PRENSA,0,10,0,10,0
pub-6340231629764656,Streann Media Inc,0,1240,0,1230,0
pub-6340501685981679,Mobicare,0,150,0,150,0
pub-6340942319084277,Marzen Media LLC,0,7360,0,7260,0
pub-6342494647069822,TVNZ  New Zealand DFP - APAC,4,1500,0,1490,0
pub-6346594301181144,Allasia Marco Antonio,0,100,0,90,0
pub-6346866704322274,Aniview,1,38600,0,36370,0
pub-6352449208032376,Songsterr,37,110910,6,110710,2
pub-6370831801142791,Benesse Corporation dfp premium,1,8960,0,8950,0
pub-6381039596411083,GAM UA / KZ / UZ,548,933350,120,906740,39
pub-6384385731055605,Daily Mail,3864,2739980,418,2728120,121
pub-6385864483428196,Sakal Media Private Limited,0,9790,0,9750,0
pub-6392341289773148,(unknown),644,34720,18,34540,4
pub-6392952780633008,"Playfly Sports Properties, LLC",0,13060,0,13020,0
pub-6401348602980252,Learfield (Wired Carbon) - DFP,80,39100,0,38880,0
pub-6403322824313952,GAM POLAND,4,150,0,150,0
pub-6413856186739914,Bangor Daily News [OpsCo],1,15450,0,15360,0
pub-6415823162721817,Morgan Murphy Media [OpsCo],1,48660,0,48260,0
pub-6417398396597184,DraftKings,0,150110,0,149230,0
pub-6418033024623919,Tagged.com,0,40,0,40,0
pub-6418198782335418,Tennis Australia - DFP - APAC [A_A Digital],0,180,0,180,0
pub-6421133569180024,Life360 Inc,31,4112470,0,4072370,0
pub-6427234603333344,LINE WEBTOON (WEBTOON Entertainment Inc.),152,3995770,0,3982690,0
pub-6448873839562951,Humanoid,0,70,0,70,0
pub-6453680425766689,Hindustan Times,411,84700,15,84380,0
pub-6463448043809360,NHL,28,447380,0,446350,0
pub-6465182821369206,calomeal,0,26720,0,26700,0
pub-6469471015168662,Pinger,275,15979730,2,15654190,1
pub-6473884619123290,OLX INDIA,88653,28344220,9766,28312340,3500
pub-6477264530053011,Evolution Adv,0,10,0,10,0
pub-6484389103411752,Jovem Nerd,0,2680,0,2570,0
pub-6499634953071999,Casualino,0,20630,0,20450,0
pub-6499698423852641,Ilyon Dynamics,434,5625720,270,5581690,138
pub-6500498387889333,WHDH-TV,0,48890,0,48790,0
pub-6503162570915891,Diario Las Americas,0,60,0,60,0
pub-6504037996008129,Infojobs Brasil - AdX EMEA,3767,376750,2532,373650,1039
pub-6505876806311783,Dierkes Information Services,46,9990,0,9890,0
pub-6510317859427514,Falcon Studio,586,49331290,0,48938950,0
pub-6511155273220185,Calistus Ibeme,0,2010,0,2000,0
pub-6521725966766990,Gumtree Australia,137,234160,44,231770,16
pub-6530870646374669,FragranceNet.com,0,16330,0,16150,0
pub-6546994625015356,FAST株式会社,0,103970,0,103660,0
pub-6549202523982411,Western Union,0,9010,0,8880,0
pub-6550096571802896,Doveconviene,0,10,0,10,0
pub-6551318227255932,Droll Digital,1,30,0,30,0
pub-6553770977773293,AdopX,3090,263290,276,258650,193
pub-6561193159499863,kleinanzeigen.de GmbH,7,332480,0,329640,0
pub-6562167055494898,YuppTV USA Inc,0,110,0,110,0
pub-6564937950298521,"Dictionary Media Group, Inc.",1775,860720,34,857710,3
pub-6565688958833144,"Money Forward, Inc.",0,28890,0,28820,0
pub-6569788423801437,SubWay Rev,0,360,0,360,0
pub-6580630874401408,Grupo Media Capital,0,100,0,100,0
pub-6582910611188121,GENIEE VIDEO,0,3400,0,3400,0
pub-6582993214605756,"Gridwise, Inc.",0,3180,0,3140,0
pub-6586307205960965,L'Express Drummondville Inc.,0,590,0,580,0
pub-6597645848653118,RTE - DFP EMEA,0,130,0,120,0
pub-6620051620115484,"Ramtin Software Solutions, LLC",0,1060,0,1060,0
pub-6620346421605388,Dip Kheni,0,20,0,20,0
pub-6645724555243474,TimeTreeApp,10393,6945520,24,6935540,20
pub-6664621188688392,eldiario.es,0,400,0,400,0
pub-6671668209441834,ALKORA,0,640,0,610,0
pub-6675912116452485,Xiaomi - DFP,5874,14657910,2090,14582840,22
pub-6676336001848323,株式会社コロプラ_81340,0,3760,0,3760,0
pub-6678849566450770,Massarius,15,4030,4,3990,2
pub-6685711026657277,IRCTC AdX,641,4385620,58,4350790,8
pub-6686063839236541,GOLFNETWORK PLUS - DFP,0,880,0,880,0
pub-6690016720377818,ID Mobile SA,11,4600,0,4550,0
pub-6698116771372614,The Hokkaido Shimbun Press,0,40,0,40,0
pub-6699566135418985,梅稿稿,0,389250,0,385180,0
pub-6701187186929318,IDN Media,7,1490,0,1460,0
pub-6702874616848017,PRENSA IBERICA 360 SL.,4,90,0,90,0
pub-6707186674978307,AARP - DFP [[CoMed]],4,27080,0,26900,0
pub-6712938888861629,Sun TV Network Limited,0,620,0,620,0
pub-6714825608350009,Graham Media Group,167,1893420,0,1886850,0
pub-6716225838534735,TGM,0,1592900,0,1573300,0
pub-6727526664743962,i24NEWS,0,20,0,20,0
pub-6732739977640928,UDAY BAROT,0,690,0,610,0
pub-6772632620925271,imo,410894,186822370,280160,184002670,51253
pub-6775152464339203,郑州卓见软件科技有限公司 - DFP,152,12970,29,12900,1
pub-6777681644654693,Sports Publishing Solutions Inc.,0,1250,0,1240,0
pub-6781695853392006,HONG KONG FOTOABLE TECHNOLOGY LIMITED,0,432240,0,430800,0
pub-6793562557965582,"Corporación Medcom Panamá, S.A.",0,140,0,140,0
pub-6794419971828050,Avaz-roto press,1,80,0,80,0
pub-6796378682640691,Kappboom,0,30,0,30,0
pub-6797531000142800,TRIBUNA INTERNATIONAL LIMITED,1,34680,0,34420,0
pub-6803735709235866,Mercari - GAM360 - JP - APAC,0,9810,0,9800,0
pub-6804276076764268,JK 360,547,11081140,0,11034500,0
pub-6816131505551157,Japan Weather Association,0,2970,0,2960,0
pub-6820583732303833,General aviation trading and service pte. Ltd,0,170,0,150,0
pub-6821457014491447,Escaleto UG Haftungsbeschränkt,0,30,0,30,0
pub-6822213150853176,Mohsin Waqar,0,1210,0,1180,0
pub-6827636416768041,Joyteractive,0,63970,0,63580,0
pub-6832255483911852,Trebel Music,366,4041860,3,4030530,0
pub-6832628552495252,eiga.com Inc.,1,2760,0,2760,0
pub-6839937925560044,MYNET INTERNET TEKNOLOJI ANONIM SIRKETI,120,187310,4,186670,0
pub-6841630049046972,"Mandalay Ad Co., Ltd.",0,2420,0,2410,0
pub-6842574914239870,AdX & DFP,2,1390,1,1370,0
pub-6849064322358209,Bigul Bajao,0,40,0,40,0
pub-6849627088515360,Klix.ba,350,40840,198,40550,51
pub-6871075912683012,駅すぱあと,0,2650,0,2630,0
pub-6890246224740860,(unknown),0,30,0,30,0
pub-6892842243138555,Viber Media,11169,16910270,1330,16852930,397
pub-6896779001420300,Champaign Multimedia Group LLC [OpsCo],0,1550,0,1490,0
pub-6916461874041379,KP,0,170,0,140,0
pub-6920861910504827,AMC Networks - DFP,0,60,0,60,0
pub-6922128817624503,AsiaOne Online,28,3120,0,3120,0
pub-6923039140969138,ZANKHANA PTE. LTD.,0,12860,0,12830,0
pub-6931374298853688,Value Research India Pvt Ltd,2,2620,0,2580,0
pub-6937397269932998,Nova-TV MediaMix SRL,0,90,0,40,0
pub-6939370777058488,DainikBhaskar,5,526680,0,520560,0
pub-6946419481882687,Mega.cl,0,5190,0,5140,0
pub-6947943081747698,Plick,0,1270,0,1240,0
pub-6949480713202456,Adsparc,889,48679200,62,48440180,21
pub-6950425611895734,Chive Media Group,13814,1616820,8599,1612900,3803
pub-6952260663593387,Bonneville International [OpsCo],0,920,0,920,0
pub-6967576514897878,Tradera Marketplace AB,0,3220,0,3200,0
pub-6968738577620513,Gamezop MCM,7,5120,1,5070,0
pub-6991460232417704,Turkuvaz - AdX EMEA,7,12690,1,12610,1
pub-6994661925299851,Voodoo,110,4178320,0,4155330,0
pub-7001765682510837,234 za racunalne djelatnosti,22,1650,0,1630,0
pub-7006241430139468,Manan_internal,0,20,0,20,0
pub-7009695322073459,Ha Thanh Tam,0,10,0,10,0
pub-7011277545926276,Atrangii Network Private Limited,0,4550,0,4410,0
pub-7011958834410891,Arcane Technologies,1,50,0,50,0
pub-7018263188568783,Zee Entertainment Enterprises Ltd - DFP,9,286930,2,283260,2
pub-7019376976432612,Dailymotion.com,2,201590,1,197410,1
pub-7023557625672078,SportSport Network,379,23430,201,23340,32
pub-7024551668114021,SPH - DFP Intl - APAC,76,53250,0,52610,0
pub-7026201757273977,Rumble,0,70,0,70,0
pub-7031831557830335,SMG (Top),165,46730,3,46590,3
pub-7034186653242862,laget.se,0,120,0,110,0
pub-7054261115025842,De Persgroep - DFP by Google EMEA,0,830,0,830,0
pub-7054542956658290,TATA Play Limited,0,7220,0,7160,0
pub-7057234487256192,Pelando,0,49880,0,47200,0
pub-7066607215655929,株式会社グローバルギア（田原裕士）_23259,0,34930,0,34490,0
pub-7081191471292097,StockX,3,160670,0,159600,0
pub-7082778644367489,Foxtel Media,0,500,0,470,0
pub-7083449422628488,ofir,3445,498770,207,497370,46
pub-7094677798399606,Zero1,10620,1136650,4927,1131500,1376
pub-7095090050764654,ABISHKKING LIMITED,4,1126280,0,1121370,0
pub-7095710471047075,Vinted,10,959500,8,925700,2
pub-7114971906786170,Target Video,0,68680,0,67800,0
pub-7115030887738094,Dijital Varliklar Ltd.Sti.,0,190,0,190,0
pub-7126445236257338,Malar Publications Ltd,0,50,0,50,0
pub-7128733595737402,Our Family Wizard | Cozi,138,133690,0,131960,0
pub-7130547987556188,PMC,0,3150,0,3080,0
pub-7136369352597802,Michael,0,890,0,880,0
pub-7138772153175563,Join Ads Network,154,13000,9,12580,1
pub-7139558596931180,ZeptoLab,0,20,0,20,0
pub-7140780201309359,NextApple,140,48240,37,48040,3
pub-7141265618600718,Ajjayya GV,0,2590,0,2540,0
pub-7146434594193971,RETRIP,0,120,0,120,0
pub-7148933162066301,Internet Group d.o.o.,489,58300,338,58150,64
pub-7151827808369298,Smarttv.club,0,60,0,60,0
pub-7153005432967855,Adx-855,122,9695580,0,9537170,0
pub-7153381919367690,CP ALL PUBLIC COMPANY LIMITED,0,10,0,10,0
pub-7154879651992621,Disney DTCI Production,209,5833250,0,5812190,0
pub-7170474603273797,"Trovit Search, SL",0,580,0,580,0
pub-7173478830854305,TeamSnap,1301,3927130,1,3917490,0
pub-7183218861696934,Weltwoche Verlags AG,0,290,0,290,0
pub-7193423889248675,Pandora - DFP,0,28074720,0,27337490,0
pub-7197059328210377,ABP Digital,0,150,0,150,0
pub-7198215319463257,GWP online marketing - DFP EMEA,3,3940,0,3940,0
pub-7201029352308616,Eksisozluk,89,157730,1,157210,0
pub-7203890273681265,"PSafe Technology, Inc.",1,245070,0,240730,0
pub-7206021554793048,VerticalScope Inc.,16074,4936320,1911,4925230,227
pub-7208923277260888,The Atlantic Online,3720,665110,0,662100,0
pub-7209808242714184,POD-DFP,0,360,0,360,0
pub-7210491520878818,FOZZY MEDIA GROUP,0,10,0,10,0
pub-7214319858737759,Lagardère Publicité News,0,10,0,10,0
pub-7228020628411914,Muslim Pro Limited - DFP,0,3860,0,3830,0
pub-7229334734652856,APPQUANTUM PUBLISHING LTD,0,33390,0,33270,0
pub-7240223308497032,LIBERTY TIMES LTD.,127,49150,45,49080,7
pub-7251173602125775,Evolve Media - DFP,0,930,0,910,0
pub-7253037122197916,Cumulus Media Inc. [OpsCo],0,35520,0,34850,0
pub-7255263082629636,Good Karma Brands [OpsCo],0,150,0,140,0
pub-7255729112189652,CHILEVISIÓN,0,10,0,10,0
pub-7258726617914409,SportEngage Ltd,63,4580,0,4560,0
pub-7264982654288611,Bazaar Technologies Private Ltd.,0,1420,0,1390,0
pub-7269238500499280,Next Millennium,31,313730,0,311840,0
pub-7270302704377593,The Daily Beast,0,13950,0,13840,0
pub-7279729872265667,Publiffy,0,3890,0,3730,0
pub-7293755277539956,9GAG,26344,4233230,1711,4226110,795
pub-7302985618542023,Manisha Dashrath Borkar,0,980,0,980,0
pub-7327662408303156,CNHI Premium,3,8990,0,8940,0
pub-7334690504406786,HongKong Kingboat Technology Limited,0,11430,0,11240,0
pub-7345327491817577,"GameWith, Inc.",0,2240,0,2240,0
pub-7348163770067084,Casa Editorial El Tiempo,62,439060,0,434370,0
pub-7348324895112593,Rooter Ops,28,483220,1,482250,0
pub-7351145662841043,mubeat_admanager,0,980,0,980,0
pub-7353577494500928,Tigris Entertainment Private Limited,0,5020,0,5020,0
pub-7360700333833999,Clues Network Private Limited,0,30,0,30,0
pub-7383664033583543,NAVER Corporation,5149,7404060,297,7385550,187
pub-7387482023406455,Citynews spa,0,20,0,20,0
pub-7401225131181341,Kingbee B.V.,5,19460,1,19290,1
pub-7415831428202174,三立業務部 Setn2018,9,5160,0,5160,0
pub-7416854559648601,Bhargav Borda,0,200,0,200,0
pub-7417003440164836,NESN,0,20,0,20,0
pub-7418191728211626,Le Figaro,0,13450,0,13380,0
pub-7426527039040794,Kulni International S.A.,261,7582210,16,7542250,7
pub-7428727692936046,Streema Inc,201448,36936400,3555,36792970,1824
pub-7431865251904202,Recube Technologies LLP,153,9050,7,8970,6
pub-7438990234141898,Lee Enterprises,39,274590,0,272530,0
pub-7439041255533808,Media.net,91439,14433090,29,14361950,3
pub-7439281311086140,Turner,544,6709760,4,6691240,1
pub-7440817717583994,netnative,0,10,0,10,0
pub-7442541831975590,Fox Sports,126,722280,0,708530,0
pub-7444245180174348,davidbin,0,1030,0,1030,0
pub-7447753920195631,MXPlayer,455615,47182040,50032,47088560,9864
pub-7450929388313613,CricHeroes,0,26370,0,26340,0
pub-7451214801827081,Jaspal Singh,0,8640,0,8620,0
pub-7451429244673728,Tuudo Oy,0,20,0,20,0
pub-7453353515787835,FrontDotPage Private Limited,71,159110,17,158570,2
pub-7456674548475353,Edmunds DFP,4,7990,1,7940,0
pub-7470290111873442,AdOmega MENA,1,1200,0,1090,0
pub-7480457447608291,Mobile01,25,5010,10,4980,6
pub-7485561064330658,Times of Israel,0,4210,0,4190,0
pub-7486371538870951,iQIYI,590,370410,4,367540,0
pub-7505747925896465,"Frndly TV, Inc.",0,101680,0,101020,0
pub-7514839373927339,Bonnier,0,170,0,170,0
pub-7516524660941419,vikatan,24,7490,0,7470,0
pub-7517250950143063,Saltside Technologies AB,367,248450,45,238920,11
pub-7518309694330090,Langit Musik NUON,0,80,0,80,0
pub-7518498320451544,Outside Interactive,0,22150,0,21930,0
pub-7520027584027322,Vapronix Web,46,4370,12,4360,3
pub-7536233758046663,HamiVideo,0,10,0,10,0
pub-7543757880127323,Chef Confeiteiro ,1,1840,0,1830,0
pub-7545487453930214,Stelling Technologies Pvt. Ltd.,2470,319640,71,319070,0
pub-7549134359384659,karma27,0,696170,0,692900,0
pub-7551872166451377,ALO Media system doo,20,14550,10,14460,0
pub-7554065371255327,Ringier AG,0,30,0,30,0
pub-7560122883902914,Odisha Television Limited,5,61290,1,61180,0
pub-7573339869001610,Dogus Yayin Grubu,0,8120,0,7570,0
pub-7579016200841165,OAL,31,160060,0,157520,0
pub-7595310692783781,[M]media,0,2820,0,2740,0
pub-7606816778162703,S F Factory SAS ,28,2930,0,2920,0
pub-7608785641954866,DIGI ROMANIA S.A,177,83640,97,83000,61
pub-7613989413930775,cnyes.com,2,3600,0,3530,0
pub-7626515569343813,iVoox,6,970,0,970,0
pub-7630165109978602,Maine Trust for Local News [OpsCo],0,3880,0,3860,0
pub-7632706502781453,FranceTV Publicité,1,20,0,20,0
pub-7637190873103439,inDrive,0,453920,0,451240,0
pub-7658116014145782,NFHS Network,0,9010,0,8920,0
pub-7669786184392767,MediaDrive Ltd,0,260,0,260,0
pub-7683395268562108,7Graus,0,100,0,100,0
pub-7694434660967675,Maariv: TOTAL,0,20,0,20,0
pub-7695515998152344,CarsDirect.com,6,520,3,520,1
pub-7697079098738803,ODK Media Inc.,0,80,0,80,0
pub-7697227927900170,63Ideas Infolabs Private Limited,12,1280,0,1280,0
pub-7710662620997324,杭州励普科技有限公司,0,16690,0,16620,0
pub-7715910424387693,Criativook ,0,10,0,10,0
pub-7717240960217365,Ringier Serbia,114,100130,23,99850,17
pub-7724198591595211,Kodular,0,12130,0,11040,0
pub-7724853910410027,YallaMotor,0,40,0,40,0
pub-7731406891178759,lkzAi,0,1270,0,1240,0
pub-7732679874752919,株式会社ウェザーニューズ,4,596490,0,595850,0
pub-7734688076111314,NhacCuaTui,0,50,0,50,0
pub-7747449439723877,Uswa Ads & technologies LTD,0,1630,0,1630,0
pub-7748390243717338,Promiflash,10,780,0,770,0
pub-7754205026848944,Pratilipi,617136,49156720,179211,49099760,79711
pub-7756262923332577,Tamedia - Goldbach,1,330,0,330,0
pub-7759753907778440,Madvertise,8,1030,0,1030,0
pub-7762123850578697,theScore,4570,6253390,233,6234840,63
pub-7763823678251281,Konga Online,0,240,0,240,0
pub-7766477912597801,Knuddels GmbH & Co. KG,0,790,0,770,0
pub-7771773420593429,SHANTANU PTE. LIMITED ,0,25060,0,24980,0
pub-7774445257290756,STV Group plc,0,30,0,30,0
pub-7776727596375939,Wapa Tv Network,0,8240,0,8120,0
pub-7779027078698074,Media24,170,82130,40,80890,11
pub-7784034061253020,Kompas Gramedia,155,54930,29,54720,12
pub-7786605895641425,AccuRadio,33,9750,0,9690,0
pub-7788578024585393,GeeksforGeeks,115,17670,25,17630,1
pub-7804755014577996,Publiespaña - DFP,0,730,0,710,0
pub-7834332410913835,昭文社,3,910,0,900,0
pub-7835502526421767,VOCENTO - DFP EMEA,6,1130,3,1120,0
pub-7844686841643994,POPS_SG,0,40,0,40,0
pub-7845769106986969,Presse Antilles Guyane,0,20,0,20,0
pub-7846425956087943,GAM360,0,20,0,10,0
pub-7846596673689353,Hadi Raza,0,3280,0,3160,0
pub-7853883240086409,PocketFM,54,3780860,0,3776440,0
pub-7862912461471905,newser.com,0,50,0,50,0
pub-7876384533791804,SonyLIV,0,370,0,370,0
pub-7881349678351802,(unknown),0,620,0,620,0
pub-7882965302669036,Van Trac,54,1611440,0,1606920,0
pub-7888676654047393,Australian Community Media - DFP,0,2170,0,1950,0
pub-7901301842186802,"CustoJusto, Lda",0,110,0,110,0
pub-7915769105781682,Maple Media,2,2886370,0,2863610,0
pub-7916338044718376,Moonlab GAM,0,250,0,240,0
pub-7922214227391191,ChargeFinder Inc.,0,1410,0,1400,0
pub-7939627363540437,Adfactor - DFP EMEA - NL,0,150,0,150,0
pub-7945044863874787,Geniee International Pte.Ltd.,1609,13539780,373,13462180,165
pub-7946780384721709,World Journal,74,324010,6,321920,1
pub-7947550523594319,The Advocate Company,266,29220,0,29130,0
pub-7948746413677028,King Native Network,23268,22865080,533,22787530,422
pub-7953472676286731,Chatwork,0,31390,0,31370,0
pub-7963640216041075,TVSBT Canal 4 de São Paulo,20,18380,1,17790,1
pub-7968146525597976,Foxconn 鴻海集團,237,53800,27,53650,0
pub-7973189937531462,"Premium Publishers Network Co.,Ltd",0,460,0,460,0
pub-7983542246824243,Fandom - DFP,114,807130,0,804650,0
pub-7983651257838282,Empower Ad-Tech FZ-LLC,49456,122443560,279,121696610,144
pub-7989429836481143,Sandesh-MCM,3,3420,0,3260,0
pub-7995104076770938,H Code Media,1,2360,0,2350,0
pub-8005665858220542,Internet Foundation OÜ,0,29940,0,28750,0
pub-8007001547012283,DAMG - Estado de Minas,0,1930,0,1870,0
pub-8015868500526768,GT - WeatherBug,9199,967190,269,964840,41
pub-8025744350718405,Meitu Domestic+HK+TW,519,57320,7,57010,0
pub-8027655917349410,x Fairfax Media - DFP APAC,0,90,0,90,0
pub-8028163273875698,navitime.co.jp,24,183020,1,182760,0
pub-8039760278916378,Bytedance Social,0,2165930,0,2161010,0
pub-8043460604041697,BRAVEBITS PTE. LTD.,0,80,0,70,0
pub-8046867454223789,www.zapmap.com,1,200,0,200,0
pub-8047490731339042,Free Digital Products,2,290,1,290,1
pub-8049433319572150,ZPR Media Group (IDM Net),0,2860,0,2840,0
pub-8052615879817329,PGATour,0,5520,0,5400,0
pub-8053056755505505,"Hubbard Broadcasting, Inc.",3,239860,0,238520,0
pub-8067188808311941,Heja,10,662400,0,660720,0
pub-8087539652876061,Doodle Mobile (Asia) Limited - DFP,0,25804740,0,25714820,0
pub-8088854116361101,ADANI DIGITAL LABS PRIVATE LIMITED,0,160,0,160,0
pub-8088870615657282,Spacefoot SAS,5,1080,2,1080,1
pub-8091481208694875,symplr - powered by mso digital,0,180,0,180,0
pub-8096633902563724,Major League Baseball,6,88950,0,88430,0
pub-8104698804312941,IvyMobile,426,3851160,184,3828960,114
pub-8106826038187524,Tubi,0,8200,0,8150,0
pub-8110506465392788,BCN - Brand Community Network GmbH,0,10,0,10,0
pub-8125730018853993,Middle East News FZ LLC,13,32370,0,32210,0
pub-8129348556359650,Ludus.vc,27698,247369900,1177,245660020,479
pub-8130678224756503,TextNow.com,964,81443800,0,81246040,0
pub-8134726005199549,EWA Solutions GmbH,0,40,0,30,0
pub-8141433683419881,VOYAGE MARKETING,0,50,0,50,0
pub-8161809426201502,LINE TV,0,10,0,10,0
pub-8162630360170543,NZME_DFP,104,30180,26,30080,19
pub-8163703492351455,Amagi Corporation,0,513610,0,507370,0
pub-8165657049922039,Tencent JOOX,0,480,0,480,0
pub-8182159300903076,Anuj Dwivedi,0,610,0,610,0
pub-8182413285615430,Excite Japan In App - AdX JAPAC,0,60,0,50,0
pub-8183139931781193,Czech News Center a.s. 360,175,16750,7,16690,0
pub-8188431425509997,Toronto Star,149,475020,0,472480,0
pub-8193929163713607,Inquirer.com,0,15480,0,15310,0
pub-8196089968485980,Rakuten Group - JP - APAC,4358,1601800,335,1599530,236
pub-8200574565762874,Reuters,0,520,0,520,0
pub-8203384294527643,Viettel,12,2200,0,2200,0
pub-8205616428578868,WeMoms,106,79820,0,79580,0
pub-8219361739856208,ShareChat,6876567,1047373830,6264466,1045927860,3377844
pub-8224888120007201,iCook 愛料理,1,10,0,10,0
pub-8228251605965337,Everyday Health - DFP,7344,5600770,0,5592700,0
pub-8238974202794047,OTG VENTURES,463,191370,10,189160,3
pub-8241049497608997,Yieldbird ,76,27750,9,27340,4
pub-8247465333322015,Absolute Sports Private Limited,0,10,0,10,0
pub-8257519961984842,IFOOD.COM AGENCIA DE RESTAURANTES ONLINE S.A.,15,720,0,720,0
pub-8258419826180726,Sky News Arabia,0,40,0,40,0
pub-8261817033572019,Girnar Software Private Limited,2,16160,0,16150,0
pub-8265377151949326,WebMD Live Network,6,112390,0,111550,0
pub-8271395633199905,Mediahuis Nederland (TMG),3,220,0,200,0
pub-8272786997612568,Versant,2175,456140,25,454770,9
pub-8273789351690472,Astrologyzone.com,0,2660,0,2650,0
pub-8274440690865275,Adversport,2350,405020,49,403360,19
pub-8279698647515158,POLITICO,0,11160,0,11130,0
pub-8292728281684217,Star Media Group - DFP,0,7230,0,7230,0
pub-8298094914131253,CWTV - DFP,0,37510,0,36900,0
pub-8307704738540763,Plus44 Holdings Ltd.,0,260,0,260,0
pub-8335977875725945,Diguo,1414,74859880,0,74524190,0
pub-8337724847580164,Metajoy,0,5260,0,5210,0
pub-8347474114014586,Nanyang Siang Pau,0,520,0,520,0
pub-8349368027499902,Prothom Alo,1924,453440,147,448620,15
pub-8355323548158557,DStv Media Sales,0,1640,0,1580,0
pub-8356633470739996,DIGITALFACTS4U,0,10,0,10,0
pub-8357668388441827,kurashiru,27,178470,0,178250,0
pub-8365444403125104,"BBTV New Media Co., Ltd",0,1400,0,1400,0
pub-8378551283730231,Nextdoor,3,105280,0,104740,0
pub-8391215656211273,Daily Wire,7,1410,0,1400,0
pub-8409543401234391,Avito.ma Frontier Digital Ventures,0,13910,0,13760,0
pub-8414627280054593,Scripps Media - DFP,3930,2056650,13,2049280,4
pub-8419974669801666,SNOW Corporation,2,452840,0,439310,0
pub-8421122089436061,Pocket Fm Private limited,373994,78059490,47378,77905360,37617
pub-8424476999998548,Cricket Australia,2,23500,0,23040,0
pub-8428973207370809,Start.io,0,590,0,590,0
pub-8431378150853188,MagicBid,8127,745580,770,744020,193
pub-8431644635469171,Ad360.live,0,111980,0,110100,0
pub-8435010923688098,Jio Platforms GAM 360,201,1201800,39,1198490,9
pub-8442202845597747,Allen Media Digital,0,9890,0,9850,0
pub-8446138991821025,Metrópoles.com,0,20,0,20,0
pub-8448997923233677,Amanotes Pte Ltd,0,940,0,890,0
pub-8451930027753374,Mathrubhumi Printing and Publishing,239,36560,12,36380,6
pub-8460091653537827,Muhammad Noaman Akram,43,13910,0,13870,0
pub-8471063851457067,"mediba, Inc.",0,280,0,280,0
pub-8472443265214049,TV24 Group,0,18970,0,18860,0
pub-8475685469544477,The Associated Press,671,354840,0,353010,0
pub-8489457974888553,justwatch.com,0,230,0,230,0
pub-8490317736235111,audienzz,26,2650,3,2640,0
pub-8497077047905834,Pakistan Herald Publications Ltd,0,20,0,20,0
pub-8501674430909082,Raptive - GAM,0,110,0,110,0
pub-8518714804084177,MADHYAMAM BROADCASTING LIMITED,0,140,0,140,0
pub-8521448784455500,iTalkBB TV,0,26800,0,26690,0
pub-8522868505361285,pro-japan.co.jp,0,260,0,260,0
pub-8541590135395559,Manzoni,89,34240,4,33590,2
pub-8546114557771970,주식회사 숲,0,4850,0,4780,0
pub-8550587703382139,Data Sales Services,11790,1785140,5,1779980,2
pub-8550847810359134,NLClassifieds,0,37370,0,37160,0
pub-8555732698705607,Bongo Network,0,90,0,90,0
pub-8557783605211781,Suamusica.com.br/Ambi,476,369040,0,362940,0
pub-8561153566621493,Super Communication Inc.,6,1820,0,1820,0
pub-8562907616321848,Mountain News,0,170,0,170,0
pub-8568502379122276,Parthtech Developers LLP,53465,7996900,7156,7957910,1923
pub-8569920059273175,Stingray Digital Group Inc,904,508190,7,506670,1
pub-8570744360263770,23293644292,0,50,0,40,0
pub-8573325940152694,Adnimation Ad Exchange*,171,38780,0,38420,0
pub-8584156348842922,Adsolut Technology Services LLC,959,2344140,832,2319010,404
pub-8593204734761908,Mavericks Mobile Co Ltd,9,3310,0,3290,0
pub-8597958906206544,NEXA (DFP without ADX tabs inside),0,48160,0,47610,0
pub-8609380295778109,Stocktwits Inc,0,78810,0,77380,0
pub-8609501543919728,ndtv.com,85,488990,0,487830,0
pub-8609891173110532,Jaag Broadcasting Systems Pvt Ltd,4,100,0,100,0
pub-8615378344367221,Bloomberg L.P.,0,24570,0,22790,0
pub-8615987920894639,Jodel Venture GmbH,398,209240,129,208740,23
pub-8622186303703569,GETRTB,0,160,0,150,0
pub-8625962252420196,Mediahuis Ireland,3,320,0,310,0
pub-8646333189052720,HKFS,283,3658480,0,3651950,0
pub-8649383349165270,Mahatat,0,10,0,10,0
pub-8650552911774098,TeamReach,22,1703630,0,1692910,0
pub-8653328015372187,TVN Media,0,430,0,430,0
pub-8667544662396227,udn.com,1202,138530,86,136810,5
pub-8673044153809743,Adzvortex Solutions LLP,0,120,0,120,0
pub-8674309688012611,Dorilton Motor Sports,4,5160,0,5110,0
pub-8674340505315230,Adconion Spain - DFP EMEA,1,3150,0,3120,0
pub-8675365792324050,TV2/Danmark A/S,0,4280,0,4260,0
pub-8676505596984778,Spanish Broadcasting System,0,20440,0,20120,0
pub-8678309865720156,Books Hubs,0,1520,0,1450,0
pub-8685022799332292,FUNKE Digital GmbH,0,1010,0,950,0
pub-8685823324352582,Recargo,0,16540,0,16500,0
pub-8686615022940025,TAPMIND_DC_MCM,2,1017840,0,1005450,0
pub-8692560339544286,CASTIFY LTD,0,950,0,920,0
pub-8704480412433888,Elders Rural Services Limited,7,87740,0,87410,0
pub-8709391321805022,France Médias Monde,0,20,0,20,0
pub-8711244316083070,Sky Italia,51,3700,0,3680,0
pub-8712990369429603,ads.blowfire,0,10,0,10,0
pub-8718605733307345,Yeni Medya Elektronik Yayincilik,0,490,0,490,0
pub-8733130087373769,Xtelify Limited,0,990,0,990,0
pub-8735558908976194,Autotrader,0,39390,0,39040,0
pub-8735724728149910,Doubtnut,0,240,0,240,0
pub-8744577293670515,Micromax App,1,1060,0,1030,0
pub-8745822827234693,Medialivre,22,41320,1,40990,1
pub-8750086020675820,Prisa Brand Solutions - DFP EMEA,3689,567230,1663,565320,67
pub-8751640182469102,Nox,18,45450,9,45170,0
pub-8766006423657606,UndrAds Innovation Technologies L.L.C.- FZ,0,16530,0,16490,0
pub-8771223716474563,SBB AG,0,170,0,170,0
pub-8781032296971712,매일경제신문(MaeilBusiness News) in Korea,0,6980,0,6980,0
pub-8781390592815574,The Stock Exchange of Thailand,0,810,0,810,0
pub-8787080547085935,Mundial Media MCM,0,70,0,70,0
pub-8798765870329885,SiteMaji Adnetworks Limited,7,670,4,650,0
pub-8813347375005258,Ströer Digital Media (4444),1,1060,0,1050,0
pub-8818561755632225,NTT DOCOMO (OCN/MI) - GAM SB - JP - APAC,0,673540,0,673090,0
pub-8828587149473437,Editora Globo DFP,77,54440,2,53110,0
pub-8828964503306091,Eurosport,0,5740,0,5710,0
pub-8834959667700219,Gガイド,41,32430,0,32390,0
pub-8854134010192954,Bittu,0,10,0,10,0
pub-8856559311549217,Datawrkz Premium,33514,4953410,3187,4933030,931
pub-8863191426564274,Vidgyor Media Technologies Pvt Ltd,22,2716440,4,2679460,3
pub-8864536299312951,SCM Ventures AB,0,6080,0,6080,0
pub-8864803855381259,National Public Media (NPR & PBS) - DFP,0,192200,0,191900,0
pub-8871758525792542,Quizlet,10721,1948440,0,1943530,0
pub-8873774943509309,"Tapatalk, Inc.",13,4240,11,4220,6
pub-8882374544694980,totanmusic,0,14520,0,14430,0
pub-8884590301072318,Sofascore,175,7984610,2,7954430,0
pub-8891863193683696,SUPERHEAD STUDIO LLP,0,190,0,170,0
pub-8925292653053903,FUNTECH PUBLISHING LTD,0,1370,0,1360,0
pub-8925521126930314,Narcity Media,0,80,0,80,0
pub-8929866464106331,Urvisha M. Sanghani,0,170,0,170,0
pub-8930327493368918,Cumhuriyet.com.tr,7,19600,5,19440,2
pub-8933329999391104,"AdPushup, Inc",1037,115360,557,114820,2
pub-8934043226865557,Help Steps,39,1340,0,1340,0
pub-8945988963255734,Sony Pictures Television Inc.,0,48600,0,46880,0
pub-8964299718266508,Airfind,4760,2908980,1291,2906050,985
pub-8981344377250832,Cloud Infinite Technology Limited,1,4020,0,4010,0
pub-8993769918576464,Telenor Pakistan GAM,29,21020,1,20700,1
pub-9003246628645148,Kwalee,4,66660,3,66160,2
pub-9014350818378033,The Ads Reklam Medya Teknoloji AS,0,260,0,240,0
pub-9016881223370446,Blaze wave media,1,20900,1,20630,0
pub-9018014561180196,EskomSePush ESP,63,12930,2,12780,0
pub-9020850329520978,OpenSooq,180,199260,0,197870,0
pub-9021387890731428,ExMarketPlace,3155,285160,2365,284630,313
pub-9040680041623400,MAFRA Main AdManager,290,81140,4,80860,1
pub-9058291854443881,AdAsia(AnyMind),3440,1094980,115,1075020,23
pub-9063486391387983,OTZAds Network Publicidades LTDA,4,390,0,350,0
pub-9065761893720324,UCWeb Inc.,53,146680,31,144050,2
pub-9074260064740633,Goodgame Studios,0,320,0,310,0
pub-9076242806337958,Likee,514,229460,116,221250,20
pub-9079042042870469,Vibra Digital,0,10430,0,9630,0
pub-9080421888175053,Finya,0,75850,0,71970,0
pub-9081306153423363,www.jorudan.co.jp,17,696700,0,695810,0
pub-9089113611030755,cashmonkey,0,50,0,50,0
pub-9092476072834274,Times Publishing [OpsCo],0,22680,0,22440,0
pub-9093871813470267,FishAngler,0,13330,0,13240,0
pub-9095468986860540,Fox TV Group,36,1004790,0,1002110,0
pub-9095789400776154,Philips Pregnancy+ and Baby+ Apps ,494,477540,0,473840,0
pub-9098974920563882,Grupa RMF,11,34630,0,34550,0
pub-9106766955396960,LINE Plus RC,5,347240,0,345400,0
pub-9109569661940746,TED Conferences,0,10,0,10,0
pub-9117191999829844,Sport1 GmbH,60,7310,25,7290,6
pub-9130183266015225,AWG,142,526040,77,514630,12
pub-9131754673475193,AutoUncle,0,170,0,160,0
pub-9134991571338958,22740259297,0,10,0,10,0
pub-9135355251665930,OpaMarketplace,791,16875060,0,16792900,0
pub-9136549947088673,Interia,0,280,0,280,0
pub-9140100903126945,Letras.mus.br,194,53800,12,53380,2
pub-9142272168415987,"Audiomack, Inc",594,250770,78,248160,7
pub-9143391730290323,Michael Andreasen,0,40,0,40,0
pub-9143455813129449,Eskimi Media - FZCO,20,7750,6,7750,3
pub-9143984802721410,Norfolk Daily News,0,500,0,500,0
pub-9148923416628006,VSCO.co,6,3498420,4,3491380,1
pub-9153399113741741,ALRIGHT 21830119956,1,170,0,170,0
pub-9154529747663279,TC&C srl,3,1150,0,1140,0
pub-9155276802217802,GAME DISTRICT IT SOLUTIONS,57,16947680,0,16698090,0
pub-9156139318807448,KOCOWA,2,1010,0,980,0
pub-9159009423857049,Phan ADX pro,0,50,0,50,0
pub-9172700587175332,News Australia - DFP - APAC,52,255730,4,196770,0
pub-9175771935039699,"ITPROBE, LLC",0,20,0,20,0
pub-9183456723611997,Notion Digital,163,10010,3,10000,1
pub-9185928351951962,Petfinder Premium,0,10,0,10,0
pub-9189159586664939,Webedia Internet Brasil S.A. - DFP Premium,1,970,0,950,0
pub-9194862296493269,Tennisnet AT,0,20,0,20,0
pub-9201130527721835,Vend Denmark,0,50,0,50,0
pub-9201426349309188,ADGO 360,467,18893890,204,18675370,99
pub-9201455482821033,Digiturk Premium (AM360),33,35660,0,35160,0
pub-9204821005476880,Empresa Editora El Comercio,0,820,0,810,0
pub-9219954761243535,MOW PLAYER,0,350,0,350,0
pub-9223734883748527,AdSeleto,0,2850,0,2730,0
pub-9240409025933021,SCOTT B PALMER,0,60,0,10,0
pub-9251676229361652,Waveline Media FZ-LLC,20,1275780,0,1272190,0
pub-9253143501648072,Android,0,2350,0,2330,0
pub-9269670804351215,Ads & Data,10,9260,2,9190,1
pub-9273264035880389,Groupe Le Monde,0,360,0,360,0
pub-9277398655035409,"MIXI, Inc.",0,4540,0,4530,0
pub-9279022512303703,巴哈姆特,7,2180,0,2170,0
pub-9281527865574012,SBSi,0,19000,0,18960,0
pub-9285230588698315,Improve Media Oy,1,590,0,590,0
pub-9286754188843313,Lisandra Alencar,0,60,0,50,0
pub-9286851348904583,MediaCorp SG - DFP Intl - APAC,0,2640,0,2600,0
pub-9314111824787632,ynet,14998,1857440,8,1849420,1
pub-9315181002542681,one31,0,23550,0,22870,0
pub-9321710616220058,El Universal. C. P. N.,0,30,0,30,0
pub-9324769704355217,Globes,4,1010,0,1000,0
pub-9327478276040335,iion Pty Ltd,26380,36659460,33,36370840,15
pub-9340638678186096,ALRIGHT,0,40,0,40,0
pub-9354883437784564,Bundle Haber Bilisim Teknoloji,0,4390,0,4340,0
pub-9359801183908540,Default,0,50,0,50,0
pub-9360021851449557,mobirix01.blogspot.com/,0,11810,0,11800,0
pub-9367162445518073,Gojek Ads Network,0,19230,0,19020,0
pub-9368783394598679,PMA_Digital,0,91990,0,91310,0
pub-9375184944747545,"Breitbart.com, Inc.",28222,3273010,19,3264900,6
pub-9378634550872293,Grupa Onet.pl - EMEA,29,4120,0,4110,0
pub-9382447837324025,Shaw Media [OpsCo],9,8070,0,8050,0
pub-9383080285165665,MyFitnessPal,248,4332410,0,4322640,0
pub-9386487545679073,"New York Post (NYP Holdings, Inc.) - DFP - New",162,3981160,1,3971590,0
pub-9387637170231181,Hong Kong Economic Times Limited,45,15910,0,15770,0
pub-9389285211228787,Shinka Limited,3,110820,1,109640,1
pub-9395884928140160,TalksMedia,0,140,0,140,0
pub-9402508175196065,西日本新聞Web、qBiz他,0,1110,0,1110,0
pub-9408732875650338,ogdennews.com,336,29120,2,28910,1
pub-9416679862749394,Vevo - DFP,0,19780,0,19620,0
pub-9422585382673566,Yieldmonk Technologies LLC,5692,25763960,988,25656650,309
pub-9423260548333566,"PeopleFun, Inc.",0,5497650,0,5460950,0
pub-9425934425785771,Kiwilimon Network,18,11550,0,11500,0
pub-9427740327237055,Seven West Media - DFP APAC,0,5780,0,5770,0
pub-9430696585566190,Antena TV Group SA,39,2380,6,2370,2
pub-9452118951614435,App News Delivery,0,240,0,230,0
pub-9455910707430205,PPTVHD36,1,650,0,650,0
pub-9461687859934363,SBS  - DFP APAC,0,8650,0,4140,0
pub-9463593148518414,CCUE,0,61840,0,61400,0
pub-9476299817548271,Instabridge Sweden AB,0,3103080,0,3088240,0
pub-9477142027338907,Imba Studio,0,490,0,450,0
pub-9498041453805800,OPENREC.tv,0,1440,0,1440,0
pub-9498902490624169,Elbotola Media SA,13,2090,0,2090,0
pub-9507503928545238,CRACKLE TECHNOLOGIES PTE. LTD.,153437,88481440,137649,88020360,26523
pub-9511009045890629,kimcos,0,40,0,40,0
pub-9511131497623194,Monja Skalden,3,7420,0,7380,0
pub-9513449449448974,"LALIGA GROUP INTERNATIONAL, S.L.",24,6030,7,6020,1
pub-9516606146493542,Move.com - DFP Premium,2223,17132840,1,17055810,0
pub-9517412483569761,AutoScout24,187,18730,120,18560,68
pub-9519440379388713,olx.co.id,659,5976490,69,5965170,12
pub-9530324207469839,Pub2last,23,2801050,0,2774860,0
pub-9538979167211525,Sid Ltd,0,2110,0,2100,0
pub-9541501727816548,"sporcle, inc.",1628,237410,3,235890,2
pub-9547173515854597,piZap,0,20,0,20,0
pub-9555254169273060,GSN Games ,0,62640,0,62360,0
pub-9555872599315492,Chosun Ilbo,0,1090,0,1090,0
pub-9560923154171053,Flipboard,16138,4457510,1014,4445680,854
pub-9563202227824433,Watan Broadcast satellite,3,850,1,850,0
pub-9571392842076865,CJ ENM (Partner Sales),0,6170,0,6050,0
pub-9572195153037664,Arun Bansal,0,642370,0,640720,0
pub-9574186058214488,Circle City Broadcasting WISH TV [OpsCo],8,51260,0,50970,0
pub-9577671021985478,Chalo Mobility Private Limited,0,17840,0,17700,0
pub-9578119551064433,Archon MENA,7511,56499180,435,56163950,292
pub-9591556131971840,"DREAMSCAPE TECHNOLOGY CO., LIMITED - DFP",344,24340,13,24330,0
pub-9598600652856555,Admanager,0,60,0,60,0
pub-9604288056463305,"App Business Ventures, LLC",0,30,0,30,0
pub-9609097637258835,JEDY APPS TECHNOLOGY LTD,0,4910,0,4790,0
pub-9612539386533291,Internet Reklam,0,10,0,10,0
pub-9613287206370902,(unknown),0,320,0,320,0
pub-9617478663293235,ABP Network,258,129240,21,128500,7
pub-9619232013066439,Bytedance Inc - Shadow DFP,0,30,0,30,0
pub-9628538644604139,Wego Pte Ltd,0,10800,0,10500,0
pub-9631446172677747,Tencent WeTV,0,178030,0,176200,0
pub-9636953777155876,BuzzFeed - DFP,11175,5525750,0,5510270,0
pub-9650408980791532,Serasa,654,2284090,0,2208770,0
pub-9655471168117901,20 Minuten Gruppe,11,2140,8,2120,5
pub-9656661705393924,Oela Solutions Limited,0,170,0,170,0
pub-9659126441451328,GreedyAdx Manager,0,110,0,110,0
pub-9660255799901050,Dailyhunt,50,2519390,23,2507240,8
pub-9661908177782765,Cookomix.com - Cooknet,0,100,0,100,0
pub-9665351610288016,Advally MCM,7,942620,0,934960,0
pub-9674524998603172,iHeartMedia - DFP,1380,4007890,358,3985920,349
pub-9677116272077775,Observador,0,920,0,900,0
pub-9698056004853505,HYPER GAMES LTD,2,130,0,130,0
pub-9699434551737642,Netinfo,0,660,0,620,0
pub-9706868875843755,Plaion Pictures GmbH,0,10,0,10,0
pub-9713621044312419,Victory+,0,2540,0,2470,0
pub-9725657087458329,La Nacion,349,159970,13,157270,6
pub-9728353415461720,Coolmath LLC,0,47870,0,47790,0
pub-9733997093263263,WikiCamps,0,2380,0,2370,0
pub-9758774858603579,Smule,1561,181490,70,181240,65
pub-9760750406203950,Petitchef / Made in Work,0,50,0,50,0
pub-9761043370958464,1Weather - GAM ,182,12515460,2,12485200,0
pub-9765630141028378,kelvin Timbadiya,0,200,0,200,0
pub-9769772362499303,"True Digital Group Co., Ltd.",32,1254590,24,1253390,5
pub-9772927064984418,Encripta - Netfilmes,0,180,0,160,0
pub-9777583683753951,"ClutchPoints, Inc.",0,2530,0,2510,0
pub-9791157155182699,(unknown),0,1780,0,1760,0
pub-9793320410116840,KBS(Korea Broadcasting System),0,14240,0,14240,0
pub-9814154222898478,YourBow-MCM inv,13,5530,0,5330,0
pub-9820868074458321,Informer.rs,93,28610,2,28520,2
pub-9827427076181922,MBC FZ-LLC,0,13790,0,12640,0
pub-9840242778253044,Fantacalcio,23,36640,1,36000,1
pub-9857577187914945,Globo Comunicacao e Participacoes S.A.,579,2193380,0,2151310,0
pub-9857612698505806,"OMG Studios LTD	",0,44780,0,44460,0
pub-9867995726204524,Weather DFP Premium,0,14484440,0,14426570,0
pub-9869390676837132,NASCAR,80,11430,0,11330,0
pub-9880260015054620,De Persgroep Nederland 2 - DFP,0,30,0,30,0
pub-9882915575387835,BALABOOM (Bilibili),9231,8517450,7069,8417060,205
pub-9887321424081937,HiPi & Bullet,36,7740,3,7710,0
pub-9888544151267274,Lilly Broadcasting [OpsCo],1,29480,0,29290,0
pub-9898189691127108,LBC International,3,12970,0,12830,0
pub-9911740406682987,Jungle Technology LLC,23586,240636370,2396,238869190,1398
pub-9914992914910847,ZDT - DFP,4,56190,0,55860,0
pub-9922974912311690,News UK - DFP EMEA,1,1250,0,1230,0
pub-9926022717907184,Cattle Market Mobile,7,16560,0,16540,0
pub-9929426302657473,ads,0,20090,0,19980,0
pub-9934539733884172,highfivve GmbH,0,10,0,10,0
pub-9934564461228105,Tripledot,2570,106119230,252,105760760,172
pub-9935970894247316,Dainik Jagran,843,304240,89,303740,20
pub-9936969251765866,Refinery89,39,11600,8,11440,6
pub-9941782557387032,Makroo Google MCM,3291,79946720,1569,79183010,723
pub-9953820795080003,Supersonic Studios LTD,67,1425070,0,1417850,0
pub-9955618584306649,POSTYPE,1112,294090,0,293590,0
pub-9961814823930967,BuySellAds.com Inc,32,235820,0,232800,0
pub-9966039342650298,Copper6,0,171620,0,170740,0
pub-9966490881786705,gv,62,2570,0,2530,0
pub-9977401292436073,GGlobal Online PTE,24362,743061260,5957,739015710,2767
pub-9977436242043339,Telus,0,3610,0,3600,0
pub-9978107683717660,Khaleej Times - AdX EMEA,23,6860,0,6840,0
pub-9979654936240857,Zattoo,0,60,0,60,0
pub-9989685810655749,Adster Corp,24281,11659780,18125,11521020,3807
